phi,T (K),H2,H,O,O2,OH,H2O,HO2,H2O2,C,CH,CH2,CH2(S),CH3,CH4,CO,CO2,HCO,CH2O,CH2OH,CH3O,CH3OH,C2H,C2H2,C2H3,C2H4,C2H5,C2H6,HCCO,CH2CO,HCCOH,N,NH,NH2,NH3,NNH,NO,NO2,N2O,HNO,CN,HCN,H2CN,HCNN,HCNO,HOCN,HNCO,NCO,N2,AR,C3H7,C3H8,CH2CHO,CH3CHO,C(gr)
0.3,1066.2525265269308,9.029094274101139e-11,1.1366994804125575e-13,3.9258513254332236e-10,0.14253936228831326,2.747866222909452e-07,0.06109965800022185,1.4755228317931965e-09,1.4500340613137337e-10,9.657446144442069e-48,3.3847818501184205e-49,3.532771887799319e-47,2.477868131707694e-49,7.775470003996008e-44,3.4359770066927064e-42,4.068492854109558e-11,0.03054989813968305,8.371925647864628e-26,1.9557600871872144e-27,3.750001578870167e-39,1.1157531156217552e-41,4.369761573821495e-39,2.130027424200946e-66,4.095488835329756e-59,1.11473798695824e-69,4.740507292715501e-67,1.9781524084064364e-77,3.98948136140031e-77,1.6677417498479393e-51,2.2335769376044394e-49,1.0058697854643745e-55,9.175384467061202e-21,3.0446272441767167e-22,4.135992127969344e-22,2.906017309475058e-19,6.193048003313291e-20,5.059458645539751e-05,1.459929242218323e-06,3.878103112376355e-09,7.008993028755557e-14,5.111731765153757e-37,1.618631479146553e-30,9.798922185566387e-44,3.1443118709079857e-49,3.821521961963429e-36,2.6516903245207948e-27,3.9265719402672137e-22,3.412542863778265e-26,0.7657580829194184,0.0,7.514916582475416e-112,1.5841498246842243e-111,2.763516852404302e-60,8.005096477654261e-60,0.0
0.3653061224489796,1208.1536176578304,3.1025594435906993e-09,1.2785255552200869e-11,1.0654922269457847e-08,0.12832855065064436,2.539644906749612e-06,0.07390763652121152,8.747814585717187e-09,6.86539574832929e-10,3.34236640556551e-41,1.3372876984778356e-42,5.139871591546287e-41,5.860844984095717e-43,2.440257346162254e-38,3.097098162402861e-37,2.177700581997824e-09,0.03695445507855556,1.9108876637153035e-22,3.3363166017189816e-24,1.3082040666273833e-34,5.628081769671976e-37,6.847238743141149e-35,1.4073065064407118e-57,1.736367993263008e-51,6.542814797731968e-61,5.785163845811892e-59,3.266711039219852e-68,2.5047326987271045e-68,5.919075326300295e-45,2.2512359670784566e-43,5.651519353066686e-49,5.085064519099717e-18,2.0085760263090278e-19,1.6912139279562402e-19,2.793681759008957e-17,9.541180752339872e-18,0.00016065825194599528,2.0478793139720594e-06,1.1075937428717038e-08,1.5099163125271507e-12,4.205425409547145e-32,1.306864709081591e-26,2.0562508413079493e-38,2.1177513748041864e-43,5.082308598798863e-32,2.9916588984350265e-24,1.1093024327046844e-19,4.716796734218394e-23,0.7606436864433276,0.0,7.947701702454287e-99,6.220913145278034e-99,4.008233676714826e-53,5.09950281117835e-53,0.0
0.4306122448979592,1343.3388172658756,4.680323736269057e-08,4.670517326070088e-10,1.2748588860150335e-07,0.11424792941539108,1.3632152318449082e-05,0.08654301769918234,3.2959920122797635e-08,2.227134532428832e-09,3.096785142032168e-36,1.391745828183034e-37,2.5544744451550325e-36,4.205761700051361e-38,3.882246861397727e-34,1.9635910692960688e-33,4.5344046076275714e-08,0.0432749044191507,6.93586727700844e-20,9.917298608252672e-22,3.8870332622397454e-31,2.2136088937216085e-33,1.1317865495855114e-31,7.40976152861022e-51,1.1692784644744376e-45,3.268712799916761e-54,8.999811843109432e-53,3.7139597267698204e-61,1.4004405824937309e-61,5.86718425380657e-40,8.803462194474338e-39,8.136385002612547e-44,6.067380491462254e-16,2.7729797764337363e-17,1.6546278325997393e-17,9.317586343332063e-16,4.3863466952685566e-16,0.00037762170587406484,2.5543254825116563e-06,2.4187325130494966e-08,1.5411658763654695e-11,2.292269324345167e-28,1.2604786763835314e-23,2.3743954659439453e-34,5.823011987759976e-39,7.055987119840715e-29,6.387439960635401e-22,8.349257293097056e-18,1.1569384083148141e-20,0.7555422804266779,0.0,7.49865324056174e-89,2.835833906592224e-89,1.1982895632546093e-47,8.362734198963084e-48,0.0
0.4959183673469388,1472.319676714259,4.056511725841568e-07,7.99155968713029e-09,8.751652125676875e-07,0.10027924178619287,5.061020680130496e-05,0.09900027434096965,9.099416690428858e-08,5.57002623766254e-09,2.519158445356223e-32,1.259430462036386e-33,1.3157263780169707e-32,2.8882103614776127e-34,8.355011057614861e-31,2.102156005212275e-30,5.012787533561373e-07,0.04951251882246317,7.321089520394977e-18,9.124802121625277e-20,2.207835496256476e-28,1.5687847100932003e-30,4.1354609074055023e-29,1.5244769427996197e-45,4.895896566683495e-41,6.678336295225379e-49,7.520276563417572e-48,1.4989148507170304e-55,3.307457546210346e-56,5.268208574419203e-36,3.8929721449853407e-35,1.00122251019251e-39,2.5717384873061966e-14,1.3357960529697559e-15,6.188000846129754e-16,1.5268801160526097e-14,8.934866220169883e-15,0.0007224109648410095,2.9235145872452445e-06,4.3904231424654765e-08,9.492546976484547e-11,2.021025445808727e-25,2.924213410246582e-21,3.915027652845629e-31,1.867170766064109e-35,2.142831971755386e-26,4.4569502416314945e-20,2.583738493264044e-16,8.871203096323591e-19,0.7504421300884514,0.0,6.380198201889919e-81,1.3926251315767385e-81,2.6484848514712876e-43,1.1782691229082138e-43,0.0
0.5612244897959184,1595.4762580427646,2.3804896546940866e-06,7.998407022898362e-08,4.036979711899889e-06,0.086414763601588,0.0001443500693986123,0.11126583276347489,2.0023257125645868e-07,1.1521163747670722e-08,3.6950109864181367e-29,2.0442981486454536e-30,1.3779266140940102e-29,3.812050057657209e-31,4.4191214458479735e-28,6.479042418097617e-28,3.55453478125947e-06,0.05566671552761939,3.2416987380167145e-16,3.6853510929134754e-18,3.9187528284054815e-26,3.332469372258832e-28,5.240882891106963e-27,3.218423591862503e-41,2.924436525964311e-37,1.4494699199831937e-44,8.104462909041768e-44,5.828276995137021e-51,8.519674109475444e-52,8.759532314700409e-33,3.733109574582436e-32,2.1911525044977925e-36,5.240017814130469e-13,3.059428240434988e-14,1.1753613559042785e-14,1.5197399441459433e-13,1.0245106997416603e-13,0.0011897277703753126,3.121807895331745e-06,6.959080299721439e-08,4.0797683275362725e-10,4.9524862452466336e-23,2.4978884647447228e-19,1.645792563497628e-28,1.3202918428943307e-32,2.2295700037148824e-24,1.4162578191111153e-18,4.281088291274874e-15,2.997538379777019e-17,0.745344636638853,0.0,2.0032901450175885e-74,2.8650352700634157e-75,9.412800907092905e-40,2.9719826756066225e-40,0.0
0.6265306122448979,1713.0413252290045,1.052326715930562e-05,5.40078673995855e-07,1.3814968527068945e-05,0.07266232999817099,0.0003379340966950083,0.12331655400277004,3.695830436452016e-07,2.0577802647415396e-08,1.5508715553096964e-26,9.48130519859619e-28,4.531365130522845e-27,1.5157795637614133e-28,8.455406367764662e-26,8.132498034888136e-26,1.82677746213831e-05,0.061729992422224066,7.624247186646543e-15,8.190897123463862e-17,2.9859461692343564e-24,2.947302012460403e-26,3.085463380806241e-25,1.2997334383100115e-37,4.267139789497151e-34,6.198536383548727e-41,1.988944250041244e-40,4.1717899898322437e-47,4.4346228418488125e-48,4.27942277809999e-30,1.1836950410424529e-29,1.3698568889169671e-33,6.223271870189759e-12,4.06119927787891e-13,1.3613837298419433e-13,1.0544926206826517e-12,7.709393625431063e-13,0.0017450588638224117,3.1323489464174233e-06,9.922837543063457e-08,1.3408214650706447e-09,4.778110534388954e-21,1.0350269647981281e-17,2.5655074612300924e-26,3.1032236551281784e-30,1.060720631108824e-22,2.5387409601758193e-17,4.5067750730983656e-14,5.56445646641745e-16,0.7402658342638939,0.0,5.792790097678584e-69,5.970950887910531e-70,8.895359805975401e-37,2.1613101941526025e-37,0.0
0.6918367346938776,1825.0265985985156,3.770277631021123e-05,2.706741875597491e-06,3.733380931506979e-05,0.05905665465219062,0.0006773893814289827,0.13511894240772473,5.893529517572747e-07,3.2565942993981355e-08,2.537564487227637e-24,1.718212507244682e-25,6.278918022296054e-25,2.460429574258558e-26,7.619477106503206e-24,5.27944767524818e-24,7.3928619566328e-05,0.06767458252167313,1.1169178902113246e-13,1.1686676106254497e-15,1.211888508210524e-22,1.3562977897763699e-24,1.0310874661971173e-23,1.5307321056179935e-34,2.1959413420722507e-31,7.958608510252528e-38,1.642066590810149e-37,8.565297689664495e-44,7.131837959289578e-45,8.400939334817205e-28,1.6556590134724956e-27,3.377506359399407e-31,4.8908323251131805e-11,3.564521043069371e-12,1.087562714045193e-12,5.608197592681889e-12,4.2175992904145896e-12,0.0023249587238250774,2.9510704972185375e-06,1.294456512488574e-07,3.573886918619138e-09,2.294363876825127e-19,2.5109039366067347e-16,1.9129315697883923e-24,3.1974214785891813e-28,2.8013455292039568e-21,2.967516434795506e-16,3.3871574696433057e-13,6.578065525450544e-15,0.735236249587349,0.0,2.888754555834664e-64,2.3152754154521355e-65,3.149769648167016e-34,6.284204089462153e-35,0.0
0.7571428571428571,1931.049612863489,0.00011542909412901304,1.0747396477010803e-05,8.263955783421303e-05,0.04568548126144844,0.001192771774459365,0.1466273596598079,8.222168138484276e-07,4.623761378751928e-08,2.0012855901190505e-22,1.5115592632429681e-23,4.508955465528338e-23,2.0181400761324767e-24,3.907904530668563e-22,2.1119217409851649e-22,0.0002498477056847394,0.07342265716766794,1.1391531952232536e-12,1.1950700723335153e-14,3.053335654760318e-21,3.8024399104437955e-23,2.261551844611889e-22,7.077271062502875e-32,5.18851382894705e-29,4.14790001803271e-35,6.055238609469481e-35,6.952639675055045e-41,4.8349572930708384e-42,8.267285720024811e-26,1.2566803864849725e-25,4.1321256535067055e-29,2.765034903235808e-10,2.2613738899893924e-11,6.528620495728219e-12,2.4504914610177517e-11,1.7986250550775378e-11,0.0028372665384390093,2.5853865473027104e-06,1.5549502606923355e-07,8.011882463936325e-09,6.45386449674468e-18,4.080961002985451e-15,8.175713078907087e-23,1.7519474853962283e-26,4.696336179867471e-20,2.504333621629034e-15,1.975157313420652e-12,5.4800668801195064e-14,0.730300792872066,0.0,3.91615600847569e-60,2.6055765880224087e-61,5.341495174996353e-32,9.260956921822159e-33,0.0
0.8224489795918368,2029.9655636569207,0.0003146471863650472,3.533049739101811e-05,0.00015184924795981887,0.03274359525377798,0.0018658394509664493,0.15777757400714648,9.97977486136394e-07,5.882360674475235e-08,8.797506359451829e-21,7.51973643442162e-22,1.951660180557234e-21,9.766640898138272e-23,1.3183555107288885e-20,5.989560667285073e-21,0.0007364226050342816,0.07878526333941113,8.759734975374943e-12,9.519719859860193e-14,5.351089394457335e-20,7.296990965929897e-22,3.6466152815174155e-21,1.5969198920545776e-29,6.886882153546163e-27,1.1035185172474865e-32,1.2458337277795046e-32,2.8637199989882066e-38,1.7701546223936742e-39,4.79918798240349e-24,6.065378875352991e-24,2.979587138955979e-27,1.1830000107614057e-09,1.0995110055261652e-10,3.1299368245689885e-11,9.297976848331772e-11,6.265478939593497e-11,0.0031597773050170168,2.0571251099615324e-06,1.7112970724783794e-07,1.5372917095660382e-08,1.1936006897672365e-16,4.924319891853342e-14,2.2925025956135075e-21,5.860165290939844e-25,5.486785606993943e-19,1.6428642169840816e-14,9.512756678188567e-12,3.4472383910285087e-13,0.7255194201989725,0.0,2.06054442977457e-56,1.2125504764480275e-57,5.2260532478245185e-30,8.326929907152806e-31,0.0
0.8877551020408163,2119.0486609300156,0.0007919881903540349,9.875734627800843e-05,0.0002278960928930954,0.020639328917672208,0.00257691246327634,0.1684645136633415,1.0189151130914e-06,6.561842589678747e-08,2.365422926806873e-19,2.35230278180572e-20,5.719650975885946e-20,3.1369378563145863e-21,3.3123915929953376e-19,1.3748732227846601e-19,0.001959492158751177,0.08333797042763494,5.383283784338103e-11,6.334716782459264e-13,7.148919718843167e-19,1.0512087290438208e-20,4.7855327083994654e-20,2.0823996397820032e-27,6.108913864212746e-25,1.8199919291213635e-30,1.7504304803852798e-30,7.476975948348295e-36,4.414165853187655e-37,1.8675364417851615e-22,2.133919343212969e-22,1.458520912902796e-25,3.902133816425629e-09,4.231240631974452e-10,1.2517207127649862e-10,3.22686648350034e-10,1.8329006492647783e-10,0.003140196287282734,1.4125230526367958e-06,1.6855117323305077e-07,2.5133378503961852e-08,1.5753210488296686e-15,4.814990799339126e-13,4.7074723281586057e-20,1.3228054984842617e-23,4.7564228113961734e-18,8.859254089478786e-14,3.9838292376269304e-11,1.7099762774173324e-12,0.7209671506431412,0.0,5.803139533449282e-53,3.248517905523873e-54,3.4520714327336633e-28,5.39925038386321e-29,0.0
0.953061224489796,2191.813891291797,0.0019176837012830949,0.00023616258234702777,0.0002597977636136538,0.010215003272046486,0.003023932009861414,0.17845420697104972,7.966806153530313e-07,6.017421518324603e-08,4.032968101499056e-18,4.932586043829097e-19,1.2513968146902385e-18,7.356131912446872e-20,7.078330577607134e-18,3.0140363650386054e-18,0.004858067330559066,0.0861431404418317,2.757891316140266e-10,3.782066272839663e-12,7.931625623324273e-18,1.2355419914572295e-19,5.747805230319954e-19,1.815447584855272e-25,4.365219439023222e-23,2.2798617721221077e-28,2.1314991552547744e-28,1.595925195962952e-33,9.986466482305193e-35,5.457279276158925e-21,6.3405679804837834e-21,5.5668030688363144e-24,9.630460890814509e-09,1.286489282289582e-09,4.297940536971699e-10,1.091850626522301e-09,4.5237716593195263e-10,0.0026165964946293467,7.451966042716801e-07,1.394619406190006e-07,3.350829104588196e-08,1.5656327825587222e-14,4.184784528983696e-12,7.8665116871370555e-19,2.162986963415001e-22,3.1602246977961744e-17,4.1074195708757575e-13,1.5262683285728678e-10,6.78910254494912e-12,0.716723825300361,0.0,1.2728148144916014e-49,7.529689098290919e-51,1.8121158996798556e-26,3.067113610762293e-27,0.0
1.0183673469387755,2231.990961757631,0.004668830967433249,0.00046248276570755374,0.00018543216895381946,0.0031257193247332493,0.0027066307996713363,0.18701487937820427,3.827554717676424e-07,3.882857310950083e-08,3.9318193776082085e-17,6.621553851681569e-18,2.1215638505342117e-17,1.2933115153727885e-18,1.464569437223629e-16,7.81263924939562e-17,0.01144267773988029,0.08519158206890717,1.1740932404145171e-09,2.1556679720095058e-11,7.728480135174657e-17,1.2411447970685313e-18,7.213886706726542e-18,1.1300394146219836e-23,3.0246553421292447e-21,2.61906279387822e-26,2.981024520967719e-26,3.700693400780476e-31,2.950045156105016e-32,1.2715114438831382e-19,1.841454101807946e-19,1.8438635858432106e-22,1.5474721504234745e-08,2.8484650653182652e-09,1.2530721913506639e-09,3.902798151295634e-09,8.952810948441017e-10,0.0015797826218633933,2.3512307802390356e-07,8.367409396632926e-08,3.19880723705655e-08,1.1467972209745727e-13,3.530222322570699e-11,1.1549247335765838e-17,2.534185647119916e-21,1.5378072426886705e-16,1.6547348289250991e-12,5.564762631212958e-10,2.0414746128134578e-11,0.7127928987886853,0.0,3.357467602441714e-46,2.5264218296171423e-47,8.762089030409052e-25,1.9099697840769382e-25,0.0
1.0836734693877552,2219.738372148106,0.01063702249006271,0.0006551828594396896,7.269831908192316e-05,0.000554552809727466,0.0017020809790468249,0.19258009868235063,1.0179420923296597e-07,1.6225035648110266e-08,1.487160263098057e-16,3.905714959908658e-17,2.0030208292220826e-16,1.2077487169679136e-17,2.2360873866763765e-15,1.913791821891279e-15,0.023278235526138412,0.0789196880976878,3.431811650202226e-09,9.909327800036123e-11,5.190848909789722e-16,8.2598864265962e-18,7.709247453804447e-17,3.1219331684539877e-22,1.389284289887213e-19,1.7740034080236266e-24,3.2677349663833298e-24,5.982010068675068e-29,7.612578698319097e-30,1.6559642823999172e-18,3.853709397461074e-18,3.708932193680297e-21,1.3434220357953138e-08,3.8555649678213e-09,2.6808463821063678e-09,1.348431769483e-08,1.2427259798165983e-09,0.0006457888211494886,4.097663046348221e-08,3.397458880913047e-08,1.955959274118927e-08,4.687108209273163e-13,2.374410130825555e-10,1.1288885744046726e-16,1.5307062982668763e-20,4.280450793956811e-16,4.875555089990723e-12,1.689616303126859e-09,3.825398443251697e-11,0.708865212866585,0.0,5.7201343409117805e-43,6.874458621917438e-44,2.700635018516966e-23,9.366980386711247e-24,0.0
1.1489795918367347,2176.134160206258,0.019553504371090862,0.0006975959024160534,2.3341531540745903e-05,9.852138906394613e-05,0.0009345813442252739,0.19501728880574765,2.415862398344077e-08,6.107176122467107e-09,2.267469361878976e-16,9.189787756031999e-17,7.997362036961894e-16,4.633195118179209e-17,1.5732064039107092e-14,2.3056641301537295e-14,0.03688637288009617,0.07080710091828656,6.223084148555569e-09,2.859995498915299e-10,1.8226364981609694e-15,2.804909439513712e-17,4.495396877026526e-16,2.4947908242739332e-21,2.1644402092683622e-18,3.477528215000242e-23,1.1318320102965704e-22,2.6069498672853637e-27,5.576746927233828e-28,8.49975674344903e-18,3.405589439061518e-17,2.836839445821744e-20,7.993101689602322e-09,3.537121054183502e-09,3.9864775283861645e-09,3.515553894729709e-08,1.2719429976352227e-09,0.0002457674605725142,6.941495170938904e-09,1.2840242529151096e-08,9.868387854009073e-09,9.649725927206813e-13,9.180757125644212e-10,5.206944724818043e-16,4.0679421138325306e-20,6.609133951526235e-16,9.264187319351764e-12,3.5829034122776925e-09,4.570824975720507e-11,0.7047242294064673,0.0,1.5190096908450865e-40,3.073896434088021e-41,2.9892055118146465e-22,1.7220926349509558e-22,0.0
1.2142857142857144,2125.2087797097306,0.030349724126578187,0.0006466817833480171,7.781607905659561e-06,2.1307259580066603e-05,0.000515668932066631,0.19531331261510204,6.399434156786887e-09,2.4429046343030317e-09,2.1782353195160003e-16,1.2893403606806266e-16,1.8394833182503016e-15,1.0149892240866606e-16,6.214397780406011e-14,1.5111156439266666e-13,0.049586950306155786,0.06353520426455687,8.48442862641295e-09,5.914679183961781e-10,4.118829593466883e-15,6.086945095879461e-17,1.6229199139237517e-15,8.951216055968632e-21,1.5085837672943914e-17,2.7592867105254657e-22,1.5474713517231855e-21,4.0580424688441974e-26,1.4075692785614914e-26,2.372899472235292e-17,1.5872475390853565e-16,1.1088312928569314e-19,4.2416084674080525e-09,2.7380711018483704e-09,4.78548788038333e-09,7.202327249503206e-08,1.1270635945117976e-09,0.00010096069209439962,1.4190114563415048e-09,5.240681313172827e-09,4.921356571227055e-09,1.3391969675489633e-12,2.3648961277711406e-09,1.4309519448504094e-15,6.643775009651917e-20,7.420642345579736e-16,1.3394456679080946e-11,5.9236275793912725e-09,4.363122533238382e-11,0.7005084206896872,0.0,9.133977311842652e-39,3.003304258202503e-39,1.5774515329325933e-21,1.4522014115464477e-21,0.0
1.279591836734694,2073.394695364162,0.042498749001149666,0.0005580030979782679,2.725832411891906e-06,5.32570666794217e-06,0.00028954603559556454,0.19404767051100102,1.8596131028662696e-09,1.0320693086167983e-09,1.6520704790589244e-16,1.371909051794636e-16,3.1056849176170507e-15,1.626762023770293e-16,1.7503899270582877e-13,6.847422280567785e-13,0.060980835428326434,0.05750434382686722,9.916918988605289e-09,1.010144018143523e-09,7.239629761776727e-15,1.0249092244042783e-16,4.405172290399933e-15,2.0572512411824824e-20,6.596799657135937e-17,1.2972008477311087e-21,1.2180468016179904e-20,3.434867477075332e-25,1.869391535983066e-25,4.7249428706142355e-17,5.11597521688047e-16,2.962454475783988e-19,2.156031874804876e-09,1.9496646195400813e-09,5.096925218677478e-09,1.2710483600101208e-07,9.277407088434996e-10,4.422075057159516e-05,3.3423787890581437e-10,2.2820860762665276e-09,2.4835015870140594e-09,1.505282606490929e-12,4.818024573953559e-09,2.924667524333692e-15,8.327033133596934e-20,7.057050214314874e-16,1.6681651949824072e-11,8.515208110400738e-09,3.7264534354361734e-11,0.6963004225216375,0.0,2.2745713412975313e-37,1.1761331879058606e-37,5.43558131172837e-21,7.730261581689095e-21,0.0
1.3448979591836736,2022.1965640514218,0.05566290357717685,0.0004600195041938421,9.869681559724985e-07,1.4621748855749952e-06,0.0001644450803036105,0.19159206161927267,5.738904619243995e-10,4.515666257439556e-10,1.0846917169584858e-16,1.230597458321969e-16,4.323777768151912e-15,2.145697483403332e-16,3.9864949536718513e-13,2.4578752471853977e-12,0.07119002529897869,0.05259370634286008,1.0556968641165425e-08,1.5328681002744624e-09,1.0880154994566393e-14,1.473543360810457e-16,9.994931532039782e-15,3.5950425576126477e-20,2.1613095460104057e-16,4.403795730869648e-21,6.789841059345419e-20,1.9847871290202846e-24,1.6580999198228164e-24,7.658268631337972e-17,1.3146595132039046e-15,6.266418980426759e-19,1.0678022626865233e-09,1.3168874750775432e-09,5.027314984891472e-09,2.0360920433891253e-07,7.288139438883138e-10,2.019871596920897e-05,8.633262676318947e-11,1.0370641202933388e-09,1.26377870058448e-09,1.4875425801355985e-12,8.48884247560124e-09,4.969819585387002e-15,8.864324440244882e-20,6.06972619760055e-16,1.89789672078636e-11,1.1246763930032105e-08,2.9819363505027156e-11,0.6921269780536714,0.0,3.262221653876217e-36,2.5954224480014203e-36,1.4391476531001694e-20,3.0913327100905466e-20,0.0
1.410204081632653,1972.0089085837876,0.06957882991631269,0.0003667841956896246,3.641916236287931e-07,4.265995535329057e-07,9.388981437329692e-05,0.1882283632070684,1.8382431764913184e-10,2.0172819850889014e-10,6.438650228850687e-17,9.805549840356526e-17,5.2731422900179875e-15,2.475142851878875e-16,7.859742546621255e-13,7.542697124605193e-12,0.08041250486367396,0.048606462229103906,1.0553268939841892e-08,2.149501564795097e-09,1.4700759393042463e-14,1.9026860480146095e-16,2.0098444666454728e-14,5.220400136553613e-20,5.838423464567681e-16,1.2008091445136673e-20,3.0047024765105913e-19,8.870802082827307e-24,1.122011038437128e-23,1.0821204728570952e-16,2.907807995623711e-15,1.1344291402705284e-18,5.175936467437857e-10,8.55143773768472e-10,4.693867466629722e-09,3.0500141534436965e-07,5.532452438147316e-10,9.471810833481493e-06,2.3666182710149565e-11,4.841784390348595e-10,6.449669962567843e-10,1.3461819960526973e-12,1.3570841347561911e-08,7.449296041997384e-15,8.435723984142686e-20,4.874638341065551e-16,2.0328616296097034e-11,1.40526932727371e-08,2.284147944515274e-11,0.6879968858207234,0.0,3.231379765842394e-35,3.902072152277428e-35,3.1949009735956224e-20,1.0219070675051899e-19,0.0
1.4755102040816328,1922.9201858623899,0.08403933357153757,0.00028471042206869784,1.3551779080817202e-07,1.2938471254258633e-07,5.363448197580361e-05,0.1841749368354753,6.01559717384391e-11,9.110769849045588e-11,3.5364895892892624e-17,7.145984338103822e-17,5.8340813286069435e-15,2.586093007984936e-16,1.397288151289194e-12,2.0732411950839237e-11,0.08883268665195389,0.045359326793985646,1.0078359975226296e-08,2.85053410737928e-09,1.8392207541070757e-14,2.2726096802921177e-16,3.710713617310186e-14,6.629438550254866e-20,1.3762255052544608e-15,2.8009437540961526e-20,1.13070167275439e-18,3.3056115774349e-23,6.280461637908063e-23,1.3865837221227234e-16,5.791897460191821e-15,1.83934513013489e-18,2.457628868922442e-10,5.37511453688376e-10,4.201520158649611e-09,4.3520589622910005e-07,4.085157514002225e-10,4.5107195156571845e-06,6.735810389346617e-12,2.2973671372107408e-10,3.2858949553173013e-10,1.141249582470587e-12,2.0251966649087433e-08,1.0197575084248737e-14,7.387660443961638e-20,3.7198789402598037e-16,2.08535919791333e-11,1.689483639690478e-08,1.6937107386522015e-11,0.6839130179886492,0.0,2.4661566544056775e-34,4.484883213205287e-34,6.261437342339912e-20,2.9573896925186247e-19,0.0
1.5408163265306125,1874.9234204426875,0.09888488549307564,0.00021599661576611796,5.044953660559804e-08,4.016874267994577e-08,3.05425836896603e-05,0.17959897669467104,1.988498367858173e-11,4.13038837742311e-11,1.8217497516453143e-17,4.8479124352166925e-17,5.9854470431408615e-15,2.501556095002066e-16,2.299429940193597e-12,5.262435140496275e-11,0.09660283078419676,0.04270114113131917,9.2915320155129e-09,3.6278142453923366e-09,2.1708453594229395e-14,2.558208470932245e-16,6.436138611727031e-14,7.600423914486371e-20,2.935077566533964e-15,5.818186548195223e-20,3.7830474184751864e-18,1.078133315744e-22,3.065784779130643e-22,1.651046408328183e-16,1.0692044641601013e-14,2.748587574254118e-18,1.1425899383658799e-10,3.2826793100396475e-10,3.634416423975425e-09,5.988473285149351e-07,2.945566922274103e-10,2.164601816711493e-06,1.9599708571046747e-12,1.0992673361906429e-10,1.6649521324382184e-10,9.188705691044536e-13,2.8726567341827697e-08,1.3033746440757972e-14,6.060768299156557e-20,2.725345371803304e-16,2.0703976225775114e-11,1.975221839049556e-08,1.2234205181107867e-11,0.6798760777637224,0.0,1.5566431259074055e-33,4.248242373254997e-33,1.1193912063626407e-19,7.775271329742816e-19,0.0
1.606122448979592,1827.9821303478511,0.11399464917655384,0.00016054354239323736,1.8674256529914795e-08,1.262159774364889e-08,1.72879011392407e-05,0.17462717481156179,6.583283458558642e-12,1.869535209696157e-11,8.873904312698922e-18,3.096370313371014e-17,5.777664688462018e-15,2.2728909393344005e-16,3.565835116065228e-12,1.2598138061632233e-10,0.10384312955155015,0.04051278823954902,8.325111125101708e-09,4.4747264105631585e-09,2.4476543177291027e-14,2.7478975611523753e-16,1.0653301907111673e-13,8.033200941827207e-20,5.803665158556637e-15,1.1059075102139314e-19,1.1601662618093936e-17,3.1815698764855895e-22,1.3535329771878277e-21,1.856441974566952e-16,1.8649842581159226e-14,3.85831845422335e-18,5.1965608558900595e-11,1.9520699221902513e-10,3.0543635805957334e-09,8.015027555602004e-07,2.0788548448586187e-10,1.040621857963315e-06,5.764445304763291e-13,5.273454502580143e-11,8.364948549051053e-11,7.088032607836088e-13,3.9205851373437844e-08,1.578572216295978e-14,4.711976211570732e-20,1.9294023670688119e-16,2.003003296939434e-11,2.2614598401795854e-08,8.6404033487035e-12,0.67588590913268,0.0,8.530208979294099e-33,3.4925438896967677e-32,1.8661354754566265e-19,1.9045407780450844e-18,0.0
1.6714285714285715,1782.0527434459784,0.12927781798687013,0.00011708625441468504,6.839342187116853e-09,3.9791846148383866e-09,9.70327848484341e-06,0.16935514451020423,2.1684012444360236e-12,8.412720035457355e-12,4.108502593855181e-18,1.8758624593513272e-17,5.300148653475114e-15,1.9591151264375196e-16,5.277167696331117e-12,2.8881388588204264e-10,0.11064681207374137,0.03870208915663512,7.281736424972871e-09,5.38610284689256e-09,2.6593295527502856e-14,2.8409439510706804e-16,1.7017439934902215e-13,7.941052648109722e-20,1.0824888498152281e-14,1.9606719313924842e-19,3.333012124452594e-17,8.69831388938407e-22,5.548165318582818e-21,1.9928668366389688e-16,3.115681342090179e-14,5.155662085529706e-18,2.3094378337970183e-11,1.1316443408390994e-10,2.5029123246138534e-09,1.0499744908218476e-06,1.4381653052013952e-10,4.98900060121396e-07,1.698678972489923e-13,2.5248608737519554e-11,4.1565477978611544e-11,5.268800751281229e-13,5.192712351229956e-08,1.8305423781419603e-14,3.4987902779354177e-20,1.3253629198759282e-16,1.8969496730741383e-11,2.547842866614672e-08,5.9795109074715924e-12,0.6719419987337594,0.0,4.201206971212253e-32,2.5863762325778587e-31,2.9461981781743996e-19,4.425125426500776e-18,0.0
1.7367346938775512,1737.0921812560491,0.14466626079765002,8.386860356089929e-05,2.4682644033405276e-09,1.2500704885237017e-09,5.389555226359987e-06,0.16385513404864238,7.067551113421965e-13,3.750431202126602e-12,1.8137889651818266e-18,1.0833894071664512e-17,4.653548546887848e-15,1.6132197076242301e-16,7.522431867081162e-12,6.412863650752753e-10,0.11708586983314806,0.037198078146663885,6.23653111703002e-09,6.358042877446695e-09,2.8015642295045293e-14,2.844422984650255e-16,2.6450626769236504e-13,7.417021283689805e-20,1.928624257930929e-14,3.287727733651404e-19,9.115566289709051e-17,2.241980197182305e-21,2.1530437538090077e-20,2.058337994019699e-16,5.034744061182302e-14,6.620726159271558e-18,1.0016743297913818e-11,6.399237629730627e-11,2.004989962351402e-09,1.3526046270263268e-06,9.761179399713086e-11,2.376515243074805e-07,4.980573666620957e-14,1.2020986219413738e-11,2.0382231050431577e-11,3.788926778540718e-13,6.716257767083051e-08,2.0476670659889034e-14,2.4946589965353095e-20,8.857897835256161e-17,1.7642364657980806e-11,2.834437282356365e-08,4.0600050501469536e-12,0.6680436825999505,0.0,1.9078731686028645e-31,1.7736520142411173e-30,4.454508029723229e-19,9.882382209921124e-18,0.0
1.802040816326531,1693.0601071502763,0.16010873607730353,5.903536270908036e-05,8.746686864661718e-10,3.8910925740596897e-10,2.9571046335527206e-06,0.15818199643104527,2.2690920585364491e-13,1.651470071665496e-12,7.649871627585161e-19,5.985176522461594e-18,3.930653807327501e-15,1.275437495305059e-16,1.0400508072233318e-11,1.3912257875456245e-09,0.12321603379434447,0.035946026173751186,5.24115817558417e-09,7.3877226356325666e-09,2.8748742590479266e-14,2.7704032643948996e-16,4.0255260498356505e-13,6.59394806977549e-20,3.313479372264293e-14,5.268924418038029e-19,2.402657341802921e-16,5.520594430093949e-21,8.029346903590032e-20,2.0570020372631742e-16,7.92793287473523e-14,8.228453087260393e-18,4.234563013814777e-12,3.530383598996443e-11,1.5728661037067202e-09,1.719655728076588e-06,6.50290522311144e-11,1.1213282493577589e-07,1.4446302701583806e-14,5.673773135410622e-12,9.843728978267147e-12,2.643022170242894e-13,8.522847378667466e-08,2.2217803069936183e-14,1.7144288580329658e-20,5.76987361716218e-17,1.614956903398751e-11,3.121581019734473e-08,2.706556020392548e-12,0.6641902359463145,0.0,8.14614137328579e-31,1.1504989555720811e-29,6.504031570174771e-19,2.1426838017175358e-17,0.0
1.8673469387755104,1649.9192822079176,0.17556652187560964,4.084658235252752e-05,3.03391886055231e-10,1.1942788236542658e-10,1.6001002330794348e-06,0.15237766539804343,7.147615483771457e-14,7.163986659007715e-13,3.085461679156352e-19,3.1699367689379628e-18,3.20592265171674e-15,9.717036704892342e-17,1.402211903448115e-11,2.9692648645136424e-09,0.12908072636105278,0.034903489475750595,4.328312282633397e-09,8.473227980118572e-09,2.883408536485032e-14,2.6336063889564067e-16,6.02785014571759e-13,5.61024710189369e-20,5.529751030749945e-14,8.135020048237795e-19,6.162274504434166e-16,1.312146200263687e-20,2.911813270506627e-19,1.99724809739501e-16,1.223420750964683e-13,9.950246163306984e-18,1.7424203145049502e-12,1.8998778665732245e-11,1.2098079383175207e-09,2.163785566618622e-06,4.253018303017131e-11,5.2266670431668466e-08,4.124779074652655e-15,2.647761855293627e-12,4.673671339535305e-12,1.791638681262209e-13,1.0649548426190408e-07,2.348077901605166e-14,1.1386433979210245e-20,3.6669736163634834e-17,1.4573592280040326e-11,3.409795205417101e-08,1.7719971522847111e-12,0.6603809135779619,0.0,3.320514360090872e-30,7.178237460871494e-29,9.229584609287654e-19,4.5458969255768997e-17,0.0
1.9326530612244899,1607.6353123383217,0.19101018041823364,2.7780701050843484e-05,1.0271032832144276e-10,3.5990491450060036e-11,8.52553133807844e-07,0.14647446140362977,2.2010762357505673e-14,3.054063957607113e-13,1.190492834949802e-19,1.611800993592515e-18,2.5318490653189787e-15,7.152489142492432e-17,1.8512283635289725e-11,6.269518973794118e-09,0.13471408036577162,0.03403729107897531,3.5159808208815057e-09,9.613419402072456e-09,2.83386479587517e-14,2.4495986809076217e-16,8.915215518539358e-13,4.5865837490472175e-20,9.016128593775707e-14,1.217670652564344e-18,1.5498684026366482e-15,3.0353064441994276e-20,1.0367248959787487e-18,1.8899737443145973e-16,1.8585804754927997e-13,1.1755373450773287e-17,6.968291371113431e-13,9.969336619771273e-12,9.131445674199282e-10,2.7006492293653475e-06,2.730514675944907e-11,2.400878660989356e-08,1.154294687828551e-15,1.2187830611619297e-12,2.1776294564426525e-12,1.1816190368403257e-13,1.314009890338735e-07,2.4248066467733186e-14,7.32157341740306e-21,2.275153711350982e-17,1.2979997733704216e-11,3.699733557038178e-08,1.1393712923694781e-12,0.6566149684271754,0.0,1.308054494701306e-29,4.366768979712277e-28,1.2792733502285437e-18,9.496763905423708e-17,0.0
1.9979591836734696,1566.1762704913938,0.20641717719567254,1.856988439095362e-05,3.384384740525194e-11,1.0608090403145079e-11,4.4661797508030235e-07,0.14049752449495084,6.604183357863247e-15,1.2765633883836196e-13,4.393287285312439e-20,7.873847184154776e-19,1.9399232017385236e-15,5.096154264453485e-17,2.4013364585778794e-11,1.315750000845632e-08,0.14014321007023073,0.03332124970261063,2.8111951615573908e-09,1.0807827726378333e-08,2.7345548803577776e-14,2.2334820975282813e-16,1.3064517106574571e-12,3.61387444453108e-20,1.44297051644392e-13,1.7758799412477433e-18,3.847063022027658e-15,6.879775320264201e-20,3.652934011736861e-18,1.7471251298863832e-16,2.7897190900118587e-13,1.3612172782645495e-17,2.704317566484579e-13,5.097770231076761e-12,6.766688677376215e-10,3.349670450432075e-06,1.7204444216751728e-11,1.0844244767745326e-08,3.153379904770891e-16,5.52151141907146e-13,9.940044378821552e-13,7.587352846527723e-14,1.604641704676483e-07,2.4528283526318855e-14,4.563423863483618e-21,1.3783879976392723e-17,1.141933642703004e-11,3.9921552272057905e-08,7.193321401686613e-13,0.6528916598022709,0.0,5.030202277637581e-29,2.61951922540563e-27,1.738808520805631e-18,1.9636781604966142e-16,0.0
2.063265306122449,1525.5123439352633,0.22177012465942253,1.2196133657498431e-05,1.0825258788500304e-11,3.047068286513364e-12,2.2969009666881046e-07,0.13446661182083705,1.924507745112274e-15,5.220079693076697e-14,1.5496762195585008e-20,3.696458538137347e-19,1.4441477080577523e-15,3.51927174099558e-17,3.068886799646112e-11,2.7554269079529514e-08,0.14538991568246487,0.03273447497403299,2.2131841966680847e-09,1.205657632218705e-08,2.594629933241813e-14,1.9990145326373193e-16,1.901856510532816e-12,2.7504512500260634e-20,2.2756047231704944e-13,2.5338715208705553e-18,9.47530604547248e-15,1.5365441647322806e-19,1.2824846040162545e-17,1.5805549646733832e-16,4.149787612007294e-13,1.5489085256587916e-17,1.0167951084024487e-13,2.5381985593841777e-12,4.924149675263898e-10,4.13503688576575e-06,1.0634282947600945e-11,4.8060536144290895e-09,8.378317518259705e-17,2.45676933142439e-13,4.437320117697252e-13,4.745031971019701e-14,1.9430493516869412e-07,2.4351252731866895e-14,2.759063795566315e-21,8.153811006363272e-18,9.929146744267992e-12,4.2879125470567916e-08,4.457438405766315e-13,0.649210257074888,0.0,1.904439672329453e-28,1.564563500854927e-26,2.3251383859898447e-18,4.036402739271817e-16,0.0
2.1285714285714286,1485.6155497141071,0.23705547076352101,7.866705620241718e-06,3.3522281834766504e-12,8.499899080147855e-13,1.1579295368109047e-07,0.12839744013247179,5.42961522653678e-16,2.083613613748383e-14,5.219858601893457e-21,1.6673941088911307e-19,1.0455482496354077e-15,2.3575105742669157e-17,3.872821458926039e-11,5.7781113889693106e-08,0.15047196928000395,0.032260079593242307,1.715935384948026e-09,1.3360324847765385e-08,2.423459583131982e-14,1.7580799860578975e-16,2.756402295620747e-12,2.0253281604109806e-20,3.5477960815646265e-13,3.549080879831965e-18,2.3266079963830826e-14,3.3978796115176164e-19,4.5131365666458264e-17,1.4011962464596454e-16,6.133253170321794e-13,1.7355541896491987e-17,3.697364730600146e-14,1.2293864419804202e-12,3.5189954945147524e-10,5.086992055501729e-06,6.444793473448598e-12,2.085627861396288e-09,2.1572241441476857e-17,1.0714203697284966e-13,1.933819551321765e-13,2.8903340191085695e-14,2.336679729374761e-07,2.3762927870002644e-14,1.6187054507248252e-21,4.708099474135387e-18,8.535901417264264e-12,4.587948570738741e-08,2.709560465184879e-13,0.6455700405745554,0.0,7.150696523743707e-28,9.38308223160257e-26,3.0669991741479724e-18,8.279050993995222e-16,0.0
2.193877551020408,1446.4595245291027,0.25226249709111,4.980580179209501e-06,1.0022936171667812e-12,2.2948273307643636e-13,5.713198434044275e-08,0.12230270692794684,1.4784186044494761e-16,8.099978120885404e-15,1.67681622662715e-21,7.223116073554173e-20,7.366344748079302e-16,1.5326808285368506e-17,4.8352782351683705e-11,1.217058429592726e-07,0.1554040962680842,0.03188419330553058,1.3102119165569846e-09,1.4720230028300192e-08,2.230151760074082e-14,1.5204320714117192e-16,3.984877934915332e-12,1.4446382608569686e-20,5.483676995749885e-13,4.893880274478506e-18,5.719109361426234e-14,7.471254178861114e-19,1.6004310588447456e-16,1.2185238360461029e-16,9.026549208933976e-13,1.9182724083853883e-17,1.2978369959908128e-14,5.786115289312147e-13,2.4693088509854793e-10,6.243521782590187e-06,3.826918570643216e-12,8.843942814986922e-10,5.36354705149203e-18,4.570497268607273e-14,8.212631689230708e-14,1.714497368081344e-14,2.7945369066219423e-07,2.2820504339986288e-14,9.21563543050672e-22,2.652196584644962e-18,7.256829678412746e-12,4.893301555503557e-08,1.6146546610307228e-13,0.6419703014302105,0.0,2.680002320898732e-27,5.693421747511936e-25,3.9996555003739514e-18,1.7000889602818562e-15,0.0
2.259183673469388,1408.0193782750252,0.26738252090446907,3.093093497083787e-06,2.88549319622443e-13,5.975946678195558e-14,2.7544135406236778e-08,0.11619288917157378,3.8726576189211596e-17,3.059629292948069e-15,5.129099970198289e-22,3.0025838236011467e-20,5.052178391936796e-16,9.672129521373357e-18,5.982362507792769e-11,2.582254848104265e-07,0.16019873468800858,0.03159519260378029,9.850924024606455e-10,1.6137919206131876e-08,2.023196780050705e-14,1.2936425023997382e-16,5.756031761597069e-12,9.989552296352917e-21,8.4241173945701e-13,6.659950695563488e-18,1.4127155537752254e-13,1.6396026682900888e-18,5.747160743678923e-16,1.0402623654958969e-16,1.3254901117059903e-12,2.0944212604284513e-17,4.3887911045394566e-15,2.6428589944635625e-13,1.7008675006906294e-10,7.652567777356403e-06,2.224756730784982e-12,3.6568367019915643e-10,1.2831620827939704e-18,1.903194306114786e-14,3.3922843895732475e-14,9.900043791258876e-15,3.3275836530442086e-07,2.1587917282730035e-14,5.090229553569936e-22,1.4566058471008477e-18,6.101581008109019e-12,5.205117686707285e-08,9.42509793819407e-14,0.6384103405369782,0.0,1.0084746319605352e-26,3.519700146718313e-24,5.1666964994426025e-18,3.5056908487618235e-15,0.0
2.3244897959183675,1370.2716458965103,0.2824082063862166,1.8827617542443408e-06,7.975541398898307e-14,1.4957996806013008e-14,1.2953608469575467e-08,0.11007689794890128,9.726641978855857e-18,1.120263709995431e-15,1.491187652760753e-22,1.1964229041421885e-20,3.373348226841842e-16,5.924188560627808e-18,7.345140295113165e-11,5.533545564443831e-07,0.16486662902688962,0.031383081369639985,7.29104883811778e-10,1.7615471525350904e-08,1.8102192146913857e-14,1.0831965828916093e-16,8.31993467671907e-12,6.7000391474018954e-21,1.2891456630582443e-12,8.964244396620463e-18,3.519119995644225e-13,3.603626395246996e-18,2.0995298806904513e-15,8.722937600804423e-17,1.9455147323012803e-12,2.2616535851151414e-17,1.4266969000256891e-15,1.169866728117042e-13,1.1495083323013509e-10,9.374947352509352e-06,1.2650623833047627e-12,1.4712285350406933e-10,2.9431155113253755e-19,7.719752908537432e-15,1.36010702234178e-14,5.561655168320366e-15,3.949266762340685e-07,2.01318602409645e-14,2.7265302697962046e-22,7.792640107501266e-19,5.073719433069548e-12,5.524661020363889e-08,5.384271451252629e-14,0.6348894668793508,0.0,3.830752232832984e-26,2.2314649375317177e-23,6.622415491251746e-18,7.279381861687783e-15,0.0
2.389795918367347,1333.1944167592906,0.29733287378696316,1.1222907846208216e-06,2.110132791877582e-14,3.585875274522104e-15,5.9317234601053025e-09,0.10396266066524378,2.334301906635803e-18,3.965809144646876e-16,4.112065950697685e-23,4.5637812034059866e-21,2.1925388704921138e-16,3.5208010313242376e-18,8.960920444765536e-11,1.200675821131892e-06,0.16941728657549807,0.031238974307202787,5.310249382891592e-10,1.915539775460589e-08,1.5978216897226356e-14,8.926876448215212e-17,1.2050359847858143e-11,4.359827498479689e-21,1.969328132935916e-12,1.1957202878725086e-17,8.869961306420458e-13,7.957802107185422e-18,7.837021192354274e-15,7.187170373684251e-17,2.85903243363582e-12,2.4179619848199373e-17,4.448158337170594e-16,5.010689552709431e-14,7.618209896250758e-11,1.148821801485336e-05,7.028968904420183e-13,5.7464429722698756e-11,6.447691741724468e-20,3.043515695805115e-15,5.282029169011926e-15,3.03756935008581e-15,4.676207846425698e-07,1.8518402321008363e-14,1.415358447645e-22,4.0569255604073493e-19,4.1720462645624335e-12,5.8533267108525866e-08,3.007226797442254e-14,0.6314069952521432,0.0,1.4764104612810784e-25,1.4600126811777097e-22,8.434983746277476e-18,1.5260688973742047e-14,0.0
2.4551020408163264,1296.767881982943,0.3121496238610451,6.544871246730583e-07,5.327265275012972e-15,8.202836503720337e-16,2.639807639772157e-09,0.09785771763558654,5.333629725552393e-19,1.3537474359929426e-16,1.0730843360999759e-23,1.664019309882828e-21,1.3867904633277379e-16,2.0293196104023188e-18,1.0874901701144771e-10,2.6444172207358788e-06,0.17385928626035055,0.03115464582226486,3.804027637276617e-10,2.0760598552364066e-08,1.3915064885970807e-14,7.240719674197346e-17,1.751101761677659e-11,2.752679413609017e-21,3.0090959707464215e-12,1.5834170537138565e-17,2.2694548541048512e-12,1.771016782399021e-17,3.0018587963208805e-14,5.82016116800949e-17,4.213209070796297e-12,2.561713276209406e-17,1.326870100000531e-16,2.0731064502144882e-14,4.94761570900307e-11,1.4091790208365338e-05,3.81180920709573e-13,2.1739699176609912e-11,1.3439720743807675e-20,1.1636282702253494e-15,1.98243443123609e-15,1.61152387470052e-15,5.529110641755399e-07,1.681024836224043e-14,7.114722552247157e-23,2.0529739965382593e-19,3.3917556941257454e-12,6.192651872321057e-08,1.6403086492509306e-14,0.6279622434364859,0.0,5.80173246965047e-25,9.918798145144239e-22,1.069069378194105e-17,3.2381993893199004e-14,0.0
2.520408163265306,1260.9759175255128,0.32684988396889103,3.7301977413440413e-07,1.2792046616285253e-15,1.783754888236093e-16,1.1394750281468022e-09,0.09176998441153927,1.155960589165272e-19,4.443495327915749e-17,2.6436514720496556e-24,5.789863399734266e-22,8.532411350153648e-17,1.1336767608035358e-18,1.3142231307723712e-10,5.925752721275671e-06,0.17820034715238828,0.031122115241860128,2.6787742825071074e-10,2.243424888051005e-08,1.1956630650496753e-14,5.779542449037925e-17,2.5559804116705346e-11,1.6862184991299418e-21,4.607664252804667e-12,2.085124397940581e-17,5.91278032599304e-12,3.983732937393103e-17,1.1847692821794633e-13,4.632963671919785e-17,6.2354154897147e-12,2.691669223539715e-17,3.7772430382133456e-17,8.270510036695336e-15,3.146344935536091e-11,1.7313618702238986e-05,2.0151561855974723e-13,7.947094794377778e-12,2.654873114945602e-21,4.3043715190420607e-16,7.173850570517864e-16,8.297232530315166e-16,6.53393239441426e-07,1.5064666856046848e-14,3.4601087359163524e-23,1.0085700108942603e-19,2.7254582476515973e-12,6.544314051203383e-08,8.727689795103383e-15,0.6245545282834579,0.0,2.335498798387909e-24,7.038460571600328e-21,1.3499582356652512e-17,6.971538500437993e-14,0.0
2.585714285714286,1225.8102914724016,0.34142043102243147,2.075646379476083e-07,2.9124183523736375e-16,3.6737286045194504e-17,4.761369031067597e-10,0.08570901038516093,2.3677363929244537e-20,1.3985938020319648e-17,6.13413479645528e-25,1.9193274438539088e-22,5.1042881738906005e-17,6.13449638615721e-19,1.58303553330355e-10,1.3540094807237018e-05,0.18244687232134985,0.031133246033297524,1.8532929876769673e-10,2.417946923670378e-08,1.0136131537787777e-14,4.538815779076052e-17,3.751305476899537e-11,1.0020970988190125e-21,7.08321453762403e-12,2.734683421427979e-17,1.5732849422299882e-11,9.081723812774964e-17,4.836823796485239e-13,3.625571623151894e-17,9.280676933763615e-12,2.806984977808909e-17,1.023656028304438e-17,3.1759131500606407e-15,1.957677348009559e-11,2.1318628040752117e-05,1.0373141233235437e-13,2.800638954458928e-12,4.950967345342145e-22,1.5370266730152321e-16,2.4972655504246275e-16,4.142133679546253e-16,7.723307838101562e-07,1.3332115037135332e-14,1.6265610524068886e-23,4.8043048826963925e-20,2.164061102048229e-12,6.910087914681968e-08,4.524731725281653e-15,0.621183161178699,0.0,9.673533510022172e-24,5.246083549119821e-20,1.7002594132967762e-17,1.5262247575909452e-13,0.0
2.6510204081632653,1191.2816306079144,0.35583648898552955,1.1267503386193871e-07,6.27144640100126e-17,7.144617120261182e-18,1.9229334624413574e-10,0.07968854361450288,4.5698573724060344e-21,4.211502836944549e-18,1.338279484792186e-25,6.054796930019327e-23,2.968153390018123e-17,3.2139576437170157e-19,1.9020900153680074e-10,3.160234498885101e-05,0.18660218378073373,0.03117934604825788,1.2591450737835803e-10,2.5998402959859676e-08,8.477115384452355e-15,3.5063163599378184e-17,5.540034942080222e-11,5.778268146022406e-22,1.0948555533792691e-11,3.576876119986766e-17,4.285602119613539e-11,2.1029022946909771e-16,2.0488728794854373e-12,2.7897535479149585e-17,1.3907707366978818e-11,2.907163163882553e-17,2.6360586141692943e-18,1.1723235222447578e-15,1.1910549248439769e-11,2.6318053541360345e-05,5.194481930722409e-14,9.497131961472258e-13,8.6890960657037e-23,5.288661849224987e-17,8.34703166601949e-17,2.0037831707580082e-16,9.137950415083396e-07,1.1655638807737181e-14,7.386613010096218e-24,2.2169348648028048e-20,1.6975381446880448e-12,7.291678007334788e-08,2.2836736658453418e-15,0.6178474428903497,0.0,4.137530950677805e-23,4.1255839297002144e-19,2.1379543637622186e-17,3.403655847967184e-13,0.0
2.716326530612245,1157.4478027602988,0.3700447660869148,5.967644335108912e-08,1.2769900809332166e-17,1.3112743235745874e-18,7.503849483673508e-11,0.07373243886634044,8.306177124614762e-22,1.2125720218810644e-18,2.7468207574268275e-26,1.8186701268119043e-23,1.6785892004244303e-17,1.631152355727047e-19,2.2808132890904122e-10,7.537249766717125e-05,0.1906613799985132,0.0312507848131357,8.401832834994402e-11,2.7889662295448684e-08,6.995123452359202e-15,2.6648847203226392e-17,8.233526109801001e-11,3.23576303773095e-22,1.7030784479370538e-11,4.669909079338798e-17,1.1961079311870127e-10,4.95021649337454e-16,9.01292102422331e-12,2.1118305880508594e-17,2.0994685985079837e-11,2.991908715461299e-17,6.451188322691597e-19,4.160248097355182e-16,7.0862080975848944e-12,3.257506073678653e-05,2.530733380498001e-14,3.098108354784654e-13,1.4343375675602545e-23,1.753065486890466e-17,2.6781902037106344e-17,9.397668669247074e-17,1.0826794685088664e-06,1.0071260479251903e-14,3.2423369560356782e-24,9.911786062601745e-21,1.315634525153083e-12,7.690198507918793e-08,1.1222333984952043e-15,0.6145466604824508,0.0,1.8298890484108998e-22,3.427612009165274e-18,2.685350084310234e-17,7.736211083880885e-13,0.0
2.7816326530612248,1124.4854474022925,0.3839217298001098,3.0922272422118126e-08,2.474588027532253e-18,2.285958272450221e-19,2.8397214024725137e-11,0.0678887366542064,1.4310933892294975e-22,3.353504831678952e-19,5.342047379802904e-27,5.230107626158693e-24,9.25853033517014e-18,8.045873464228188e-20,2.728420189497838e-10,0.00018309242051117337,0.19459774280532766,0.03133675051104381,5.515688344062998e-11,2.984146414948583e-08,5.70028464112205e-15,1.9950593318748208e-17,1.2293965326358316e-10,1.765500751915577e-22,2.663195484255021e-11,6.083938737134669e-17,3.408341726382373e-10,1.1813116293773645e-15,4.094861317930444e-11,1.575308508523866e-17,3.188432600795657e-11,3.060759011705964e-17,1.50943741861066e-19,1.4256177400031503e-16,4.1319105319724215e-12,4.0388938710385214e-05,1.203245909273729e-14,9.765138654166273e-14,2.2425219507766552e-24,5.622442804927995e-18,8.285743538460274e-18,4.288414743201452e-17,1.2841514842258297e-06,8.60983326771022e-15,1.3810783439152586e-24,4.308672859329516e-21,1.0085649076925988e-12,8.104693897095214e-08,5.386066522541277e-16,0.6112800950968271,0.0,8.32620699417681e-22,2.985403529386596e-17,3.367465784912436e-17,1.7867064984857045e-12,0.0
2.8469387755102042,1092.851973996015,0.39718039497145896,1.5828296912512564e-08,4.673704411505009e-19,3.8814938489122516e-20,1.0568572154029766e-11,0.06226052077168861,2.3970569562296503e-23,9.073416505910215e-20,1.0086605854031446e-27,1.467031609106178e-24,5.025707150634667e-18,3.898573738401826e-20,3.248407450459276e-10,0.00044723358409907716,0.1983311049834928,0.03142563741043304,3.584479788443763e-11,3.1814899373656496e-08,4.601034167298931e-15,1.477487926527504e-17,1.833424652579945e-10,9.474728652370594e-23,4.16141803317958e-11,7.882793020166379e-17,9.76964913240718e-10,2.823098341532624e-15,1.880228770133328e-10,1.1632295513286163e-17,4.842836131408911e-11,3.112280916807205e-17,3.449360280752699e-20,4.79207841592317e-17,2.3799890623071107e-12,5.0003574517958024e-05,5.644014572588902e-15,3.023881188737944e-14,3.4104523179059173e-25,1.7735068034614876e-18,2.5138836414901996e-18,1.9265741425971106e-17,1.5212777995819777e-06,7.300929513847309e-15,5.781926056537316e-25,1.843436660388355e-21,7.677132187174982e-13,8.528394299688131e-08,2.551889104785858e-16,0.6080470686278523,0.0,3.815116693389474e-21,2.642858188688223e-16,4.20313965744579e-17,4.142759841182002e-12,0.0
2.9122448979591837,1063.5390056687763,0.40922658053666056,8.200872355399446e-09,9.140435484908607e-20,6.846424663735203e-21,4.009718614067629e-12,0.05705241708305253,4.165266515168778e-24,2.5186311848146512e-20,1.9644179881986448e-28,4.203325544278755e-25,2.7450272659884716e-18,1.905123391018423e-20,3.824679849199026e-10,0.0010633250703384182,0.20167670475372895,0.0315073692022374,2.3421313845939483e-11,3.371423334550351e-08,3.707026999184443e-15,1.0941844963039794e-17,2.6912567010749003e-10,5.114725077889048e-23,6.391722306044466e-11,1.0060938049480353e-16,2.710662696812444e-09,6.544756161795696e-15,8.253649026248621e-10,8.595194419403835e-18,7.243980631838197e-11,3.1429288901840044e-17,8.122381022172873e-21,1.6439111333877807e-17,1.3816045341192018e-12,6.133587876756733e-05,2.684370038880602e-15,9.598849662621895e-15,5.402077916727764e-26,5.736491344317894e-19,7.810394743473295e-19,8.771074246321702e-18,1.7886233127401012e-06,6.176987177631422e-15,2.455083196288899e-25,8.00428920966648e-22,5.859248630956302e-13,8.941759618357875e-08,1.226166004389042e-16,0.6048470824303569,0.0,1.6652599434601528e-20,2.1962106179196706e-15,5.1788426477343907e-17,9.351303372190674e-12,0.0
2.977551020408163,1038.056897256775,0.4191734303344979,4.485750408627125e-09,2.0558214778219247e-20,1.4031250594764498e-21,1.6510348661668976e-12,0.05256252261200745,8.407431857900108e-25,7.794202122929258e-21,4.379530127254931e-29,1.3320855459280445e-25,1.5676218673802405e-18,9.825978841068433e-21,4.4053143170204394e-10,0.0023270267106030706,0.2043429833842069,0.03157853560599329,1.5810075942189882e-11,3.5376454268229484e-08,3.0228950306385048e-15,8.260555814701658e-18,3.794200417536612e-10,2.885743060871316e-23,9.37716374734955e-11,1.2439692029381235e-16,6.8121972350341744e-09,1.3933720698223644e-14,3.14769169241981e-09,6.474358024759341e-18,1.0390936813224192e-10,3.1474590110120584e-17,2.1617620371014166e-21,6.163349942981623e-18,8.370085385478471e-13,7.358096134409778e-05,1.3573788524539447e-15,3.3626430471124804e-15,1.0035431201952974e-26,2.0453979018585496e-19,2.679073763677576e-19,4.2527411050626444e-18,2.0640110886208375e-06,5.2669835997123975e-15,1.115924591611416e-25,3.7193896426841103e-22,4.56044414153198e-13,9.309123456141411e-08,6.259352371111465e-17,0.6016800185579596,0.0,6.291042530951828e-20,1.4936587886783295e-14,6.211215007450921e-17,1.9492312908122057e-11,0.0
3.0428571428571427,1017.5132388909212,0.4263754592282358,2.6935829006108078e-09,5.858971624626505e-21,3.7058914320928227e-22,7.820260509933057e-13,0.049002627045930974,2.1891874080021747e-25,2.905520011664919e-21,1.2306678418390109e-29,5.02719698647097e-26,9.703665856029022e-19,5.581903300748181e-21,4.918783031468093e-10,0.0044568771520171555,0.20610629984859605,0.031644924089400346,1.1310480749556223e-11,3.6654413847087284e-08,2.529376120104124e-15,6.477406135700055e-18,5.028760338810791e-10,1.7635675727437565e-23,1.280481315833803e-10,1.4685692521150073e-16,1.4601053062936584e-08,2.5934642695252203e-14,9.562999203648246e-09,5.059910855122067e-18,1.395654328071512e-10,3.123603276524445e-17,7.082158714303932e-22,2.6910207799972938e-18,5.468073891320989e-13,8.536834495285526e-05,7.62533319476e-16,1.3917917234594424e-15,2.4400344921012133e-27,8.59444511597404e-20,1.0879111168865588e-19,2.2993167317553267e-18,2.314527306262994e-06,4.5709756968010696e-15,5.708129246503813e-26,1.9430729388726456e-22,3.678594381446519e-13,9.59625938164371e-08,3.543997738107819e-17,0.5985460582779825,0.0,1.88618257666765e-19,7.340573087065701e-14,7.164663480031598e-17,3.577777493603699e-11,0.0
3.1081632653061226,1001.679344167352,0.43096000960837816,1.789441619016433e-09,2.1549111405126383e-21,1.2862922229267665e-22,4.310066013266023e-13,0.046325108615005745,7.503624871452976e-26,1.3249125925608496e-21,4.4411642726403605e-30,2.293194032028111e-26,6.563987075909659e-19,3.525544105056496e-21,5.323705767680768e-10,0.007414407789648107,0.20699756082850734,0.03171475665628228,8.623890142267183e-12,3.75258751558956e-08,2.180676127274252e-15,5.302281785144112e-18,6.252535785338525e-10,1.1767492456003962e-23,1.6220494971310827e-10,1.6540745269857051e-16,2.6450032658765008e-08,4.1924046217855674e-14,2.2837360522595903e-08,4.121142273376484e-18,1.7498712936210043e-10,3.0757760413693286e-17,2.9024638715502095e-22,1.3854658609053561e-18,3.8793917550915344e-13,9.570428664816716e-05,4.800532252295457e-16,6.894347921546549e-16,7.9265419303217355e-28,4.308800534274759e-20,5.3013583373220716e-20,1.3990462228899098e-18,2.5193363707758476e-06,4.0497496042206465e-15,3.319104088094586e-26,1.1526037983745462e-22,3.0866544267202915e-13,9.795652024894014e-08,2.2443048449590277e-17,0.5954451990835293,0.0,4.431400707113626e-19,2.556349503924193e-13,7.945156257825752e-17,5.7432513605255995e-11,0.0
3.173469387755102,989.4765627804047,0.43354241531288396,1.2922253946417099e-09,9.777630652516836e-22,5.590622863299567e-23,2.6917377649867937e-13,0.044322241618139586,3.225732316037647e-26,7.134742656018416e-22,1.96982694520642e-30,1.223400763684788e-26,4.78043053892385e-19,2.4317275040941475e-21,5.621623534646512e-10,0.010996601239964817,0.2072166027342507,0.03179184505102851,6.932972130835847e-12,3.806697631926339e-08,1.928648133093765e-15,4.500751835530273e-18,7.384139010406944e-10,8.446987497012726e-24,1.93330008821456e-10,1.794334678195882e-16,4.1774500397892755e-08,6.043987350918362e-14,4.481198558560046e-08,3.4748542632397225e-18,2.0748512209852392e-10,3.0116642268947143e-17,1.4303202702418568e-22,8.171958777630867e-19,2.94720207418058e-13,0.00010438037254926142,3.3200880185039934e-16,3.9595710904268047e-16,3.268340898076112e-28,2.497992822377645e-20,3.0023976362992746e-20,9.3849607197401e-19,2.6771165860312644e-06,3.6520258851905354e-15,2.1455776922387655e-26,7.593627615098975e-23,2.676563175737865e-13,9.922317637961111e-08,1.558723200879091e-17,0.592377046426875,0.0,8.53580782292324e-19,6.720127461671698e-13,8.538621274619835e-17,8.266756508068323e-11,0.0
3.2387755102040816,979.8317779737574,0.4347328467600078,9.92143727218154e-10,5.174978339510231e-22,2.8654546625864685e-23,1.842633209477322e-13,0.04279028602355313,1.6374013809444892e-26,4.341195247303479e-22,1.016500730168491e-30,7.322890465651175e-27,3.6765390362443575e-19,1.7898132786196025e-21,5.832499178056616e-10,0.015000701843640296,0.20696668017906586,0.0318763017549792,5.795535365827689e-12,3.83689759212021e-08,1.7386890025259151e-15,3.92501175038106e-18,8.401900923812357e-10,6.39933063781256e-24,2.204561524224474e-10,1.8946405199849577e-16,5.97034837597935e-08,8.017584844544948e-14,7.619903292246605e-08,3.0062089728887478e-18,2.3624318970927786e-10,2.937844002542198e-17,8.068910428026576e-23,5.326135953084416e-19,2.3547670803033556e-13,0.00011160656725731857,2.460331524189098e-16,2.534558146884181e-16,1.605037699490723e-28,1.610899707422369e-20,1.8987264856769215e-20,6.763358104782675e-19,2.7956640584016914e-06,3.337420439398586e-15,1.4992498156655094e-26,5.403962408864443e-23,2.3780633258461394e-13,9.995588882424832e-08,1.1584885195830181e-17,0.5893410022134555,0.0,1.4227831235290119e-18,1.4389570465880222e-12,8.972378326406299e-17,1.09909720100916e-10,0.0
3.3040816326530615,972.9353838396266,0.4358854934948863,8.188306306234496e-10,3.2953099581236185e-22,1.803518061038195e-23,1.415425122502686e-13,0.04222681027633134,1.023863174464899e-26,3.0985251730853096e-22,6.170516983623679e-31,4.954133026756037e-27,2.9860924776982667e-19,1.4079791602559419e-21,5.892410334832994e-10,0.018501566170626076,0.2054677603866286,0.03210923168369139,5.0576513163105706e-12,3.83837979033504e-08,1.6046318415688026e-15,3.5360172801234625e-18,9.18910779702634e-10,5.048312799176831e-24,2.342623385196862e-10,1.9047352181612622e-16,7.483959673486436e-08,9.524878578764128e-14,1.0849450545151599e-07,2.64265139306485e-18,2.537187787093479e-10,2.819687153386883e-17,5.31681522660584e-23,3.8999530433637722e-19,2.000480226104491e-13,0.00011724911496662059,1.976854378980291e-16,1.8523242922202874e-16,9.788038160812543e-29,1.1831190590095121e-20,1.3761765213085447e-20,5.231553659890867e-19,2.833525209566554e-06,3.071445738107135e-15,1.1340438833364402e-26,4.193110977603646e-23,2.1683098518919852e-13,9.985821328849094e-08,9.272631807876372e-18,0.5863366750427152,0.0,1.9626801985168527e-18,2.3827927000865076e-12,9.094436197660004e-17,1.322619464277333e-10,0.0015647475398790768
3.369387755102041,969.8759411281235,0.4397211781816802,7.540846291783821e-10,2.79417621805104e-22,1.5794959456206497e-23,1.3105319352034425e-13,0.043914081132815856,8.975599470792292e-27,2.893523478169583e-22,4.65949123018463e-31,3.9425446038085656e-27,2.589313693865562e-19,1.2035344499931684e-21,5.656507775138662e-10,0.019498474319736996,0.2008228211922126,0.032797888199217654,4.684073320578568e-12,3.794048701036409e-08,1.5358064635739827e-15,3.3479479937189194e-18,9.52752810141766e-10,4.065793432131475e-24,2.1646150030025292e-10,1.7235324258785392e-16,7.505170870509532e-08,9.361300985518945e-14,1.1609909666711206e-07,2.3196294693172376e-18,2.445734415053087e-10,2.58451800000966e-17,4.4035275036378645e-23,3.399653504269455e-19,1.8712463543965247e-13,0.00012109895414830496,1.7942151336010342e-16,1.6685245344322567e-16,8.441020082989355e-29,1.0667358900318936e-20,1.2398586982882993e-20,4.398100493198004e-19,2.699394739256484e-06,2.813174020576872e-15,9.46373413850158e-27,3.6795354229881366e-23,2.0454072442532058e-13,9.813582070847642e-08,8.218746947203574e-18,0.5833637460519709,0.0,1.9637816819367714e-18,2.5976557966166484e-12,8.575677401977533e-17,1.3521628178578843e-10,0.008285493495292071
3.4346938775510205,966.8929514289739,0.4434293226655143,6.954677415651069e-10,2.3753823567563476e-22,1.385313957072467e-23,1.2144169697846907e-13,0.0456021150614869,7.878966870917324e-27,2.70225463247581e-22,3.5371238593180205e-31,3.1507193548520717e-27,2.250849005412746e-19,1.0316168555426784e-21,5.432637743630751e-10,0.020520838802361052,0.19626094791382986,0.03345259699486418,4.341638768792618e-12,3.748347017797312e-08,1.4699617355212564e-15,3.1705919924771493e-18,9.862776284502753e-10,3.2875323641079453e-24,2.0027122284929582e-10,1.5620533424877625e-16,7.523136779167706e-08,9.199172346645677e-14,1.2400786072911908e-07,2.0398249551880994e-18,2.3575154770046495e-10,2.3711653079427865e-17,3.6599785093211536e-23,2.970832467781386e-19,1.752175634672822e-13,0.0001249593298570434,1.6311772567238164e-16,1.5050889229032522e-16,7.291937088825115e-29,9.631270635324814e-21,1.118520035320947e-20,3.709379723160131e-19,2.5736168962426687e-06,2.5803156584254594e-15,7.923407256251746e-27,3.2347477606059486e-23,1.9303373208976343e-13,9.641214327220389e-08,7.297177001928365e-18,0.580420762658138,0.0,1.9635843380029934e-18,2.8251888078499873e-12,8.088930216980555e-17,1.3805474205131362e-10,0.014893734209744722
3.5,963.9814354216974,0.44701222577239824,6.422749281581948e-10,2.024231796995719e-22,1.2166491953322862e-23,1.1262124591883016e-13,0.047289837517529285,6.92494085101066e-27,2.523736423885621e-22,2.6983960191235543e-31,2.5278109432426563e-27,1.961158578018358e-19,8.865282677089574e-22,5.21987040967924e-10,0.02156861902649625,0.19178206198535636,0.034073814743590364,4.027280989039593e-12,3.70140990197726e-08,1.4069397621196389e-15,3.00320492159221e-18,1.0194484719080836e-09,2.668114922146051e-24,1.8551318465696227e-10,1.417788911175924e-16,7.537896811901215e-08,9.038371620979429e-14,1.3222337968670883e-07,1.7968291852560234e-18,2.2723926265806424e-10,2.1772856923029168e-17,3.052001015776736e-23,2.602062020131338e-19,1.6422547011452111e-13,0.00012882928954906968,1.4852692578913536e-16,1.3594532964348817e-16,6.309399912023406e-29,8.70699894624131e-21,1.0102943240022938e-20,3.1379577967832335e-19,2.455474235042305e-06,2.3698805536924568e-15,6.654009076497502e-27,2.848547171219219e-23,1.8224917140185656e-13,9.468960883553296e-08,6.489342344129445e-18,0.5775072749466362,0.0,1.962103998604344e-18,3.065730321087177e-12,7.631804139958137e-17,1.4077624813319713e-10,0.021389703546774427
