9.864261189853489320e-01, 1.287733994821953942e+00, 7.919215609576089037e+02
9.946463366435601694e-01, 1.287733994821953942e+00, 7.662543375575110076e+02
1.002866554301771407e+00, 1.287733994821953942e+00, 7.368294365111613615e+02
1.011086771959982755e+00, 1.287733994821953942e+00, 7.018649500866566768e+02
1.019306989618193882e+00, 1.287733994821953942e+00, 6.579666909841809002e+02
1.023417098447299445e+00, 1.287733994821953942e+00, 6.308510509577504308e+02
1.027527207276405230e+00, 1.287733994821953942e+00, 5.989077248066620314e+02
1.031637316105510793e+00, 1.287733994821953942e+00, 5.610247315476261747e+02
1.035747424934616356e+00, 1.287733994821953942e+00, 5.173512014955110772e+02
1.039857533763722142e+00, 1.287733994821953942e+00, 4.725429430374007325e+02
1.043967642592827705e+00, 1.287733994821953942e+00, 4.324703941843801545e+02
1.048077751421933268e+00, 1.287733994821953942e+00, 3.998829352390181384e+02
1.056297969080144616e+00, 1.287733994821953942e+00, 3.538450167624537812e+02
1.064518186738355743e+00, 1.287733994821953942e+00, 3.232306806652836144e+02
1.080958622054778218e+00, 1.287733994821953942e+00, 2.839002142686463230e+02
1.097399057371200692e+00, 1.287733994821953942e+00, 2.585064412671012519e+02
1.113839492687623167e+00, 1.287733994821953942e+00, 2.400241001674936854e+02
1.130279928004045642e+00, 1.287733994821953942e+00, 2.256067745052644113e+02
1.146720363320468117e+00, 1.287733994821953942e+00, 2.138493840016161300e+02
1.163160798636890592e+00, 1.287733994821953942e+00, 2.039617025806771267e+02
1.179601233953313066e+00, 1.287733994821953942e+00, 1.954569359296703510e+02
1.196041669269735541e+00, 1.287733994821953942e+00, 1.880145772410513700e+02
1.212482104586158016e+00, 1.287733994821953942e+00, 1.814126903780656619e+02
1.228922539902580491e+00, 1.287733994821953942e+00, 1.754914172027761197e+02
1.245362975219002966e+00, 1.287733994821953942e+00, 1.701319127288173263e+02
1.261803410535425662e+00, 1.287733994821953942e+00, 1.652434979094257699e+02
1.278243845851848137e+00, 1.287733994821953942e+00, 1.607554649458639631e+02
1.294684281168270612e+00, 1.287733994821953942e+00, 1.566116522206226023e+02
1.311124716484693087e+00, 1.287733994821953942e+00, 1.527667383779091779e+02
1.327565151801115562e+00, 1.287733994821953942e+00, 1.491836419106993503e+02
1.344005587117538036e+00, 1.287733994821953942e+00, 1.458316535424421829e+02
1.360446022433960511e+00, 1.287733994821953942e+00, 1.426850673169006711e+02
1.376886457750382986e+00, 1.287733994821953942e+00, 1.397221590290794779e+02
1.393326893066805461e+00, 1.287733994821953942e+00, 1.369244115788421823e+02
1.409767328383227936e+00, 1.287733994821953942e+00, 1.342759190965746541e+02
1.426207763699650410e+00, 1.287733994821953942e+00, 1.317629226394595605e+02
1.442648199016072885e+00, 1.287733994821953942e+00, 1.293734441630674610e+02
1.459088634332495360e+00, 1.287733994821953942e+00, 1.270969948904618008e+02
1.475529069648917835e+00, 1.287733994821953942e+00, 1.249243406954012556e+02
1.491969504965340310e+00, 1.287733994821953942e+00, 1.228473116693939176e+02
1.508409940281762784e+00, 1.287733994821953942e+00, 1.208586462830928383e+02
1.524850375598185259e+00, 1.287733994821953942e+00, 1.189518628913349119e+02
1.541290810914607734e+00, 1.287733994821953942e+00, 1.171211530407002215e+02
1.557731246231030209e+00, 1.287733994821953942e+00, 1.153612923029284616e+02
1.574171681547452684e+00, 1.287733994821953942e+00, 1.136675653030474109e+02
1.590612116863875158e+00, 1.287733994821953942e+00, 1.120357023253115472e+02
1.607052552180297633e+00, 1.287733994821953942e+00, 1.104618254247189952e+02
1.623492987496720108e+00, 1.287733994821953942e+00, 1.089424023909213730e+02
1.639933422813142583e+00, 1.287733994821953942e+00, 1.074742072364131218e+02
1.656373858129565058e+00, 1.287733994821953942e+00, 1.060542861350271693e+02
1.672814293445987532e+00, 1.287733994821953942e+00, 1.046799279369040789e+02
1.689254728762410007e+00, 1.287733994821953942e+00, 1.033486385447987601e+02
1.705695164078832482e+00, 1.287733994821953942e+00, 1.020581185632477030e+02
1.722135599395255179e+00, 1.287733994821953942e+00, 1.008062437338235640e+02
1.738576034711677654e+00, 1.287733994821953942e+00, 9.959104775184843561e+01
1.755016470028100128e+00, 1.287733994821953942e+00, 9.841070712664476616e+01
1.771456905344522603e+00, 1.287733994821953942e+00, 9.726352780186145708e+01
1.787897340660945078e+00, 1.287733994821953942e+00, 9.614793329709044656e+01
1.804337775977367553e+00, 1.287733994821953942e+00, 9.506245416881323251e+01
1.820778211293790028e+00, 1.287733994821953942e+00, 9.400571861921029893e+01
1.837218646610212502e+00, 1.287733994821953942e+00, 9.297644410671985327e+01
1.853659081926634977e+00, 1.287733994821953942e+00, 9.197342983340217870e+01
1.870099517243057452e+00, 1.287733994821953942e+00, 9.099555000191034537e+01
1.886539952559479927e+00, 1.287733994821953942e+00, 9.004174774979843221e+01
1.902980387875902402e+00, 1.287733994821953942e+00, 8.911102968150260040e+01
1.919420823192324876e+00, 1.287733994821953942e+00, 8.820246092901331281e+01
1.935861258508747351e+00, 1.287733994821953942e+00, 8.731516068133554143e+01
1.952301693825169826e+00, 1.287733994821953942e+00, 8.644829813057660317e+01
1.968742129141592301e+00, 1.287733994821953942e+00, 8.560108878912387809e+01
1.985182564458014776e+00, 1.287733994821953942e+00, 8.477279113805818156e+01
2.001622999774437250e+00, 1.287733994821953942e+00, 8.396270357183459510e+01
2.018063435090859947e+00, 1.287733994821953942e+00, 8.317016160848076822e+01
2.034503870407282200e+00, 1.287733994821953942e+00, 8.239453533820851305e+01
2.050944305723704897e+00, 1.287733994821953942e+00, 8.163522708649873039e+01
2.067384741040127150e+00, 1.287733994821953942e+00, 8.089166927046640865e+01
2.083825176356549846e+00, 1.287733994821953942e+00, 8.016332242970916866e+01
2.100265611672972099e+00, 1.287733994821953942e+00, 7.944967341493364188e+01
2.116706046989394796e+00, 1.287733994821953942e+00, 7.875023371948414308e+01
2.133146482305817049e+00, 1.287733994821953942e+00, 7.806453794050392503e+01
2.149586917622239746e+00, 1.287733994821953942e+00, 7.739214235787027008e+01
2.166027352938661998e+00, 1.287733994821953942e+00, 7.673262362028722805e+01
2.182467788255084695e+00, 1.287733994821953942e+00, 7.608557752901572258e+01
2.198908223571506948e+00, 1.287733994821953942e+00, 7.545061791069088031e+01
2.215348658887929645e+00, 1.287733994821953942e+00, 7.482737557153382113e+01
2.231789094204351898e+00, 1.287733994821953942e+00, 7.421549732602764493e+01
2.248229529520774594e+00, 1.287733994821953942e+00, 7.361464509380330412e+01
2.264669964837196847e+00, 1.287733994821953942e+00, 7.302449505908433025e+01
2.281110400153619544e+00, 1.287733994821953942e+00, 7.244473688757628338e+01
2.297550835470041797e+00, 1.287733994821953942e+00, 7.187507299616640921e+01
2.313991270786464494e+00, 1.287733994821953942e+00, 7.131521787122902367e+01
2.330431706102886746e+00, 1.287733994821953942e+00, 7.076489743171525504e+01
2.346872141419309443e+00, 1.287733994821953942e+00, 7.022384843355226280e+01
2.363312576735731696e+00, 1.287733994821953942e+00, 6.969181791218561273e+01
2.379753012052154393e+00, 1.287733994821953942e+00, 6.916856266037818557e+01
2.396193447368576646e+00, 1.287733994821953942e+00, 6.865384873862929282e+01
2.412633882684999342e+00, 1.287733994821953942e+00, 6.814745101580533060e+01
2.429074318001422039e+00, 1.287733994821953942e+00, 6.764915273777631910e+01
2.445514753317844292e+00, 1.287733994821953942e+00, 6.715874512203981794e+01
2.461955188634266989e+00, 1.287733994821953942e+00, 6.667602697647889443e+01
2.478395623950689242e+00, 1.287733994821953942e+00, 6.620080434055462604e+01
2.494836059267111938e+00, 1.287733994821953942e+00, 6.573289014737048319e+01
2.511276494583534191e+00, 1.287733994821953942e+00, 6.527210390517129213e+01
2.527716929899956888e+00, 1.287733994821953942e+00, 6.481827139695357687e+01
2.544157365216379141e+00, 1.287733994821953942e+00, 6.437122439696776155e+01
2.560597800532801838e+00, 1.287733994821953942e+00, 6.393080040298740840e+01
2.577038235849224090e+00, 1.287733994821953942e+00, 6.349684238330618768e+01
2.593478671165646787e+00, 1.287733994821953942e+00, 6.306919853750373761e+01
2.609919106482069040e+00, 1.287733994821953942e+00, 6.264772207009153249e+01
2.626359541798491737e+00, 1.287733994821953942e+00, 6.223227097621799686e+01
2.642799977114913990e+00, 1.287733994821953942e+00, 6.182270783867048891e+01
2.659240412431336686e+00, 1.287733994821953942e+00, 6.141889963546887543e+01
2.675680847747758939e+00, 1.287733994821953942e+00, 6.102071755739554249e+01
2.692121283064181636e+00, 1.287733994821953942e+00, 6.062803683485294926e+01
2.708561718380603889e+00, 1.287733994821953942e+00, 6.024073657348378674e+01
2.725002153697026586e+00, 1.287733994821953942e+00, 5.985869959802795393e+01
2.741442589013448838e+00, 1.287733994821953942e+00, 5.948181230392605556e+01
2.757883024329871535e+00, 1.287733994821953942e+00, 5.910996451621475245e+01
2.774323459646293788e+00, 1.287733994821953942e+00, 5.874304935528774507e+01
2.790763894962716485e+00, 1.287733994821953942e+00, 5.838096310912698073e+01
2.807204330279138738e+00, 1.287733994821953942e+00, 5.802360511163347212e+01
2.823644765595561434e+00, 1.287733994821953942e+00, 5.767087762671258844e+01
2.840085200911983687e+00, 1.287733994821953942e+00, 5.732268573779074217e+01
2.856525636228406384e+00, 1.287733994821953942e+00, 5.697893724246131342e+01
2.872966071544829081e+00, 1.287733994821953942e+00, 5.663954255197734966e+01
2.889406506861251334e+00, 1.287733994821953942e+00, 5.630441459532653425e+01
2.905846942177674030e+00, 1.287733994821953942e+00, 5.597346872763998959e+01
2.922287377494096283e+00, 1.287733994821953942e+00, 5.564662264270303638e+01
2.938727812810518980e+00, 1.287733994821953942e+00, 5.532379628934946680e+01
2.955168248126941233e+00, 1.287733994821953942e+00, 5.500491179153483756e+01
2.971608683443363930e+00, 1.287733994821953942e+00, 5.468989337189653099e+01
2.988049118759786182e+00, 1.287733994821953942e+00, 5.437866727862003557e+01
3.004489554076208879e+00, 1.287733994821953942e+00, 5.407116171544161176e+01
3.020929989392631132e+00, 1.287733994821953942e+00, 5.376730677462773400e+01
3.037370424709053829e+00, 1.287733994821953942e+00, 5.346703437278078042e+01
3.053810860025476082e+00, 1.287733994821953942e+00, 5.317027818932979955e+01
3.070251295341898778e+00, 1.287733994821953942e+00, 5.287697360757265130e+01
3.086691730658321031e+00, 1.287733994821953942e+00, 5.258705765814401190e+01
3.103132165974743728e+00, 1.287733994821953942e+00, 5.230046896479080232e+01
3.119572601291165981e+00, 1.287733994821953942e+00, 5.201714769234296654e+01
3.136013036607588678e+00, 1.287733994821953942e+00, 5.173703549677426849e+01
3.152453471924010930e+00, 1.287733994821953942e+00, 5.146007547725327669e+01
3.168893907240433627e+00, 1.287733994821953942e+00, 5.118621213009058124e+01
3.185334342556855880e+00, 1.287733994821953942e+00, 5.091539130449260853e+01
3.201774777873278577e+00, 1.287733994821953942e+00, 5.064756016003880035e+01
3.218215213189700830e+00, 1.287733994821953942e+00, 5.038266712580136186e+01
3.234655648506123526e+00, 1.287733994821953942e+00, 5.012066186103335497e+01
3.251096083822545779e+00, 1.287733994821953942e+00, 4.986149521735261203e+01
3.267536519138968476e+00, 1.287733994821953942e+00, 4.960511920235467187e+01
3.283976954455390729e+00, 1.287733994821953942e+00, 4.935148694459029173e+01
9.864261189853489320e-01, 1.355509468233635717e+00, 8.016163419193379696e+02
1.002866554301771407e+00, 1.355509468233635717e+00, 7.516719893827520309e+02
1.011086771959982755e+00, 1.355509468233635717e+00, 7.214734656403211375e+02
1.019306989618193882e+00, 1.355509468233635717e+00, 6.857732066178392643e+02
1.027527207276405230e+00, 1.355509468233635717e+00, 6.418324383710794336e+02
1.031637316105510793e+00, 1.355509468233635717e+00, 6.156352291851878817e+02
1.035747424934616356e+00, 1.355509468233635717e+00, 5.860223617853092719e+02
1.039857533763722142e+00, 1.355509468233635717e+00, 5.528343122106558667e+02
1.043967642592827705e+00, 1.355509468233635717e+00, 5.170444970999079715e+02
1.048077751421933268e+00, 1.355509468233635717e+00, 4.812924801597965256e+02
1.052187860251038831e+00, 1.355509468233635717e+00, 4.482772002239142353e+02
1.056297969080144616e+00, 1.355509468233635717e+00, 4.194951628840335047e+02
1.064518186738355743e+00, 1.355509468233635717e+00, 3.750677515047437396e+02
1.072738404396567091e+00, 1.355509468233635717e+00, 3.435148919949376705e+02
1.089178839712989566e+00, 1.355509468233635717e+00, 3.015668811714603521e+02
1.105619275029412041e+00, 1.355509468233635717e+00, 2.741159955421657628e+02
1.122059710345834516e+00, 1.355509468233635717e+00, 2.541110361090399863e+02
1.138500145662256990e+00, 1.355509468233635717e+00, 2.385304765186878910e+02
1.154940580978679465e+00, 1.355509468233635717e+00, 2.258525708457318331e+02
1.171381016295101940e+00, 1.355509468233635717e+00, 2.152146841793966416e+02
1.187821451611524415e+00, 1.355509468233635717e+00, 2.060838114197136122e+02
1.204261886927946890e+00, 1.355509468233635717e+00, 1.981087616264724716e+02
1.220702322244369364e+00, 1.355509468233635717e+00, 1.910464512428220303e+02
1.237142757560791839e+00, 1.355509468233635717e+00, 1.847219639397762023e+02
1.253583192877214314e+00, 1.355509468233635717e+00, 1.790054258076953886e+02
1.270023628193636789e+00, 1.355509468233635717e+00, 1.737978809221186225e+02
1.286464063510059264e+00, 1.355509468233635717e+00, 1.690222775116431535e+02
1.302904498826481738e+00, 1.355509468233635717e+00, 1.646175013306482242e+02
1.319344934142904213e+00, 1.355509468233635717e+00, 1.605343018363823546e+02
1.335785369459326688e+00, 1.355509468233635717e+00, 1.567324357098428322e+02
1.352225804775749163e+00, 1.355509468233635717e+00, 1.531786171097407419e+02
1.368666240092171638e+00, 1.355509468233635717e+00, 1.498450166881733026e+02
1.385106675408594112e+00, 1.355509468233635717e+00, 1.467081425633969900e+02
1.401547110725016587e+00, 1.355509468233635717e+00, 1.437479926215692956e+02
1.417987546041439062e+00, 1.355509468233635717e+00, 1.409474031018905862e+02
1.434427981357861537e+00, 1.355509468233635717e+00, 1.382915415178708827e+02
1.450868416674284012e+00, 1.355509468233635717e+00, 1.357675072955856308e+02
1.467308851990706486e+00, 1.355509468233635717e+00, 1.333640138858921489e+02
1.483749287307128961e+00, 1.355509468233635717e+00, 1.310711332593915586e+02
1.500189722623551658e+00, 1.355509468233635717e+00, 1.288800887041098235e+02
1.516630157939974133e+00, 1.355509468233635717e+00, 1.267830854103969500e+02
1.533070593256396608e+00, 1.355509468233635717e+00, 1.247731708983424141e+02
1.549511028572819082e+00, 1.355509468233635717e+00, 1.228441192208913577e+02
1.565951463889241557e+00, 1.355509468233635717e+00, 1.209903342638359192e+02
1.582391899205664032e+00, 1.355509468233635717e+00, 1.192067685010331815e+02
1.598832334522086507e+00, 1.355509468233635717e+00, 1.174888543461313759e+02
1.615272769838508982e+00, 1.355509468233635717e+00, 1.158324458387328662e+02
1.631713205154931456e+00, 1.355509468233635717e+00, 1.142337688616342177e+02
1.648153640471353931e+00, 1.355509468233635717e+00, 1.126893784413929183e+02
1.664594075787776406e+00, 1.355509468233635717e+00, 1.111961219622933754e+02
1.681034511104198881e+00, 1.355509468233635717e+00, 1.097511073424365122e+02
1.697474946420621356e+00, 1.355509468233635717e+00, 1.083516753939364037e+02
1.713915381737043830e+00, 1.355509468233635717e+00, 1.069953757274082022e+02
1.730355817053466305e+00, 1.355509468233635717e+00, 1.056799456718260757e+02
1.746796252369888780e+00, 1.355509468233635717e+00, 1.044032917703521264e+02
1.763236687686311255e+00, 1.355509468233635717e+00, 1.031634734853864046e+02
1.779677123002733730e+00, 1.355509468233635717e+00, 1.019586888053678280e+02
1.796117558319156204e+00, 1.355509468233635717e+00, 1.007872614944571410e+02
1.812557993635578679e+00, 1.355509468233635717e+00, 9.964762976627423541e+01
1.828998428952001154e+00, 1.355509468233635717e+00, 9.853833619599626559e+01
1.845438864268423629e+00, 1.355509468233635717e+00, 9.745801871266073135e+01
1.861879299584846104e+00, 1.355509468233635717e+00, 9.640540253650080160e+01
1.878319734901268578e+00, 1.355509468233635717e+00, 9.537929294539011948e+01
1.894760170217691053e+00, 1.355509468233635717e+00, 9.437856877066930394e+01
1.911200605534113528e+00, 1.355509468233635717e+00, 9.340217653628643291e+01
1.927641040850536003e+00, 1.355509468233635717e+00, 9.244912516676127723e+01
1.944081476166958478e+00, 1.355509468233635717e+00, 9.151848119931123904e+01
1.960521911483381174e+00, 1.355509468233635717e+00, 9.060936444386253186e+01
1.976962346799803649e+00, 1.355509468233635717e+00, 8.972094404183330596e+01
1.993402782116226124e+00, 1.355509468233635717e+00, 8.885243488072309503e+01
2.009843217432648377e+00, 1.355509468233635717e+00, 8.800309432682649913e+01
2.026283652749071074e+00, 1.355509468233635717e+00, 8.717221924294537416e+01
2.042724088065493326e+00, 1.355509468233635717e+00, 8.635914326191515045e+01
2.059164523381916023e+00, 1.355509468233635717e+00, 8.556323429017456306e+01
2.075604958698338276e+00, 1.355509468233635717e+00, 8.478389221857571556e+01
2.092045394014760973e+00, 1.355509468233635717e+00, 8.402054682021551457e+01
2.108485829331183226e+00, 1.355509468233635717e+00, 8.327265581732605426e+01
2.124926264647605922e+00, 1.355509468233635717e+00, 8.253970310123374077e+01
2.141366699964028175e+00, 1.355509468233635717e+00, 8.182119709112953387e+01
2.157807135280450872e+00, 1.355509468233635717e+00, 8.111666921891081472e+01
2.174247570596873125e+00, 1.355509468233635717e+00, 8.042567252869552874e+01
2.190688005913295822e+00, 1.355509468233635717e+00, 7.974778038078871134e+01
2.207128441229718518e+00, 1.355509468233635717e+00, 7.908258525092554692e+01
2.223568876546140771e+00, 1.355509468233635717e+00, 7.842969761653827732e+01
2.240009311862563468e+00, 1.355509468233635717e+00, 7.778874492261367379e+01
2.256449747178985721e+00, 1.355509468233635717e+00, 7.715937062043614958e+01
2.272890182495408418e+00, 1.355509468233635717e+00, 7.654123327315849679e+01
2.289330617811830670e+00, 1.355509468233635717e+00, 7.593400572272068416e+01
2.305771053128253367e+00, 1.355509468233635717e+00, 7.533737431315152833e+01
2.322211488444675620e+00, 1.355509468233635717e+00, 7.475103816575068549e+01
2.338651923761098317e+00, 1.355509468233635717e+00, 7.417470850205930333e+01
2.355092359077520570e+00, 1.355509468233635717e+00, 7.360810801089988331e+01
2.371532794393943266e+00, 1.355509468233635717e+00, 7.305097025609718742e+01
2.387973229710365519e+00, 1.355509468233635717e+00, 7.250303912179165877e+01
2.404413665026788216e+00, 1.355509468233635717e+00, 7.196406829252623538e+01
2.420854100343210469e+00, 1.355509468233635717e+00, 7.143382076553027105e+01
2.437294535659633166e+00, 1.355509468233635717e+00, 7.091206839284348007e+01
2.453734970976055418e+00, 1.355509468233635717e+00, 7.039859145112193062e+01
2.470175406292478115e+00, 1.355509468233635717e+00, 6.989317823714588940e+01
2.486615841608900368e+00, 1.355509468233635717e+00, 6.939562468721504729e+01
2.503056276925323065e+00, 1.355509468233635717e+00, 6.890573401876031312e+01
2.519496712241745318e+00, 1.355509468233635717e+00, 6.842331639263947807e+01
2.535937147558168014e+00, 1.355509468233635717e+00, 6.794818859470291272e+01
2.552377582874590267e+00, 1.355509468233635717e+00, 6.748017373532850627e+01
2.568818018191012964e+00, 1.355509468233635717e+00, 6.701910096572498787e+01
2.585258453507435217e+00, 1.355509468233635717e+00, 6.656480520989583738e+01
2.601698888823857914e+00, 1.355509468233635717e+00, 6.611712691124002106e+01
2.618139324140280166e+00, 1.355509468233635717e+00, 6.567591179284286795e+01
2.634579759456702863e+00, 1.355509468233635717e+00, 6.524101063058101602e+01
2.651020194773125560e+00, 1.355509468233635717e+00, 6.481227903822976089e+01
2.667460630089547813e+00, 1.355509468233635717e+00, 6.438957726382076885e+01
2.683901065405970510e+00, 1.355509468233635717e+00, 6.397276999655178997e+01
2.700341500722392762e+00, 1.355509468233635717e+00, 6.356172618360077564e+01
2.716781936038815459e+00, 1.355509468233635717e+00, 6.315631885624187447e+01
2.733222371355237712e+00, 1.355509468233635717e+00, 6.275642496470365472e+01
2.749662806671660409e+00, 1.355509468233635717e+00, 6.236192522124794380e+01
2.766103241988082662e+00, 1.355509468233635717e+00, 6.197270395098492912e+01
2.782543677304505358e+00, 1.355509468233635717e+00, 6.158864894997133632e+01
2.798984112620927611e+00, 1.355509468233635717e+00, 6.120965135017041803e+01
2.815424547937350308e+00, 1.355509468233635717e+00, 6.083560549088046088e+01
2.831864983253772561e+00, 1.355509468233635717e+00, 6.046640879626357190e+01
2.848305418570195258e+00, 1.355509468233635717e+00, 6.010196165863228401e+01
2.864745853886617510e+00, 1.355509468233635717e+00, 5.974216732717192713e+01
2.881186289203040207e+00, 1.355509468233635717e+00, 5.938693180179907216e+01
2.897626724519462460e+00, 1.355509468233635717e+00, 5.903616373187455224e+01
2.914067159835885157e+00, 1.355509468233635717e+00, 5.868977431950729340e+01
2.930507595152307410e+00, 1.355509468233635717e+00, 5.834767722720255279e+01
2.946948030468730106e+00, 1.355509468233635717e+00, 5.800978848962259349e+01
2.963388465785152359e+00, 1.355509468233635717e+00, 5.767602642924235568e+01
2.979828901101575056e+00, 1.355509468233635717e+00, 5.734631157569644699e+01
2.996269336417997309e+00, 1.355509468233635717e+00, 5.702056658862525751e+01
3.012709771734420006e+00, 1.355509468233635717e+00, 5.669871618384032530e+01
3.029150207050842258e+00, 1.355509468233635717e+00, 5.638068706263923957e+01
3.045590642367264955e+00, 1.355509468233635717e+00, 5.606640784411074208e+01
3.062031077683687208e+00, 1.355509468233635717e+00, 5.575580900027970443e+01
3.078471513000109905e+00, 1.355509468233635717e+00, 5.544882279395065439e+01
3.094911948316532602e+00, 1.355509468233635717e+00, 5.514538321911655316e+01
3.111352383632954854e+00, 1.355509468233635717e+00, 5.484542594380701530e+01
3.127792818949377551e+00, 1.355509468233635717e+00, 5.454888825525745233e+01
3.144233254265799804e+00, 1.355509468233635717e+00, 5.425570900728733648e+01
3.160673689582222501e+00, 1.355509468233635717e+00, 5.396582856978177034e+01
3.177114124898644754e+00, 1.355509468233635717e+00, 5.367918878017658812e+01
3.193554560215067450e+00, 1.355509468233635717e+00, 5.339573289685269231e+01
3.209994995531489703e+00, 1.355509468233635717e+00, 5.311540555435023947e+01
3.226435430847912400e+00, 1.355509468233635717e+00, 5.283815272031855415e+01
3.242875866164334653e+00, 1.355509468233635717e+00, 5.256392165412176354e+01
3.259316301480757350e+00, 1.355509468233635717e+00, 5.229266086702435956e+01
3.275756736797179602e+00, 1.355509468233635717e+00, 5.202432008388552021e+01
9.864261189853489320e-01, 1.423284941645317492e+00, 8.103481280452502915e+02
1.002866554301771407e+00, 1.423284941645317492e+00, 7.643052913361131004e+02
1.011086771959982755e+00, 1.423284941645317492e+00, 7.373414929721437829e+02
1.019306989618193882e+00, 1.423284941645317492e+00, 7.065856558288364795e+02
1.027527207276405230e+00, 1.423284941645317492e+00, 6.705932688919191378e+02
1.035747424934616356e+00, 1.423284941645317492e+00, 6.274909284522160533e+02
1.039857533763722142e+00, 1.423284941645317492e+00, 6.027216408827449641e+02
1.043967642592827705e+00, 1.423284941645317492e+00, 5.756747315098156150e+02
1.048077751421933268e+00, 1.423284941645317492e+00, 5.466224846917579043e+02
1.052187860251038831e+00, 1.423284941645317492e+00, 5.165195609520220614e+02
1.056297969080144616e+00, 1.423284941645317492e+00, 4.868553085425197651e+02
1.060408077909250180e+00, 1.423284941645317492e+00, 4.590095703303598498e+02
1.068628295567461306e+00, 1.423284941645317492e+00, 4.117011340772975814e+02
1.076848513225672654e+00, 1.423284941645317492e+00, 3.758059698672559534e+02
1.093288948542095129e+00, 1.423284941645317492e+00, 3.270648542214830741e+02
1.109729383858517604e+00, 1.423284941645317492e+00, 2.953209623340430880e+02
1.126169819174940079e+00, 1.423284941645317492e+00, 2.724705784471162815e+02
1.142610254491362554e+00, 1.423284941645317492e+00, 2.548718596761004278e+02
1.159050689807785028e+00, 1.423284941645317492e+00, 2.406820379909095493e+02
1.175491125124207503e+00, 1.423284941645317492e+00, 2.288633241282867914e+02
1.191931560440629978e+00, 1.423284941645317492e+00, 2.187802415738565287e+02
1.208371995757052453e+00, 1.423284941645317492e+00, 2.100178299462999405e+02
1.224812431073474928e+00, 1.423284941645317492e+00, 2.022912389400363224e+02
1.241252866389897402e+00, 1.423284941645317492e+00, 1.953970219673571478e+02
1.257693301706319877e+00, 1.423284941645317492e+00, 1.891851248662980254e+02
1.274133737022742352e+00, 1.423284941645317492e+00, 1.835418933374947983e+02
1.290574172339164827e+00, 1.423284941645317492e+00, 1.783793000548506598e+02
1.307014607655587302e+00, 1.423284941645317492e+00, 1.736278578784084061e+02
1.323455042972009776e+00, 1.423284941645317492e+00, 1.692318092052434224e+02
1.339895478288432251e+00, 1.423284941645317492e+00, 1.651457709288523006e+02
1.356335913604854726e+00, 1.423284941645317492e+00, 1.613323388762264585e+02
1.372776348921277201e+00, 1.423284941645317492e+00, 1.577603416336416444e+02
1.389216784237699898e+00, 1.423284941645317492e+00, 1.544035442473356738e+02
1.405657219554122372e+00, 1.423284941645317492e+00, 1.512396700972380188e+02
1.422097654870544847e+00, 1.423284941645317492e+00, 1.482496519979305845e+02
1.438538090186967322e+00, 1.423284941645317492e+00, 1.454170512145574889e+02
1.454978525503389797e+00, 1.423284941645317492e+00, 1.427276013427569694e+02
1.471418960819812272e+00, 1.423284941645317492e+00, 1.401688463145174524e+02
1.487859396136234746e+00, 1.423284941645317492e+00, 1.377298502467249364e+02
1.504299831452657221e+00, 1.423284941645317492e+00, 1.354009627523103063e+02
1.520740266769079696e+00, 1.423284941645317492e+00, 1.331736275187382148e+02
1.537180702085502171e+00, 1.423284941645317492e+00, 1.310402249670871697e+02
1.553621137401924646e+00, 1.423284941645317492e+00, 1.289939419959264058e+02
1.570061572718347120e+00, 1.423284941645317492e+00, 1.270286634289157632e+02
1.586502008034769595e+00, 1.423284941645317492e+00, 1.251388809883377036e+02
1.602942443351192070e+00, 1.423284941645317492e+00, 1.233196165227436865e+02
1.619382878667614545e+00, 1.423284941645317492e+00, 1.215663569055770523e+02
1.635823313984037020e+00, 1.423284941645317492e+00, 1.198749985498668451e+02
1.652263749300459494e+00, 1.423284941645317492e+00, 1.182417998926615041e+02
1.668704184616881969e+00, 1.423284941645317492e+00, 1.166633405213877097e+02
1.685144619933304444e+00, 1.423284941645317492e+00, 1.151364858644821680e+02
1.701585055249726919e+00, 1.423284941645317492e+00, 1.136583565664887061e+02
1.718025490566149394e+00, 1.423284941645317492e+00, 1.122263018253145788e+02
1.734465925882571868e+00, 1.423284941645317492e+00, 1.108378760955100830e+02
1.750906361198994343e+00, 1.423284941645317492e+00, 1.094908186630983522e+02
1.767346796515416818e+00, 1.423284941645317492e+00, 1.081830356798592021e+02
1.783787231831839293e+00, 1.423284941645317492e+00, 1.069125843120707344e+02
1.800227667148261768e+00, 1.423284941645317492e+00, 1.056776587136506720e+02
1.816668102464684242e+00, 1.423284941645317492e+00, 1.044765775788253706e+02
1.833108537781106717e+00, 1.423284941645317492e+00, 1.033077730668009622e+02
1.849548973097529414e+00, 1.423284941645317492e+00, 1.021697809219023156e+02
1.865989408413951889e+00, 1.423284941645317492e+00, 1.010612316384778495e+02
1.882429843730374364e+00, 1.423284941645317492e+00, 9.998084254147923389e+01
1.898870279046796838e+00, 1.423284941645317492e+00, 9.892741067178033632e+01
1.915310714363219313e+00, 1.423284941645317492e+00, 9.789980638060005447e+01
1.931751149679641788e+00, 1.423284941645317492e+00, 9.689696755034027831e+01
1.948191584996064263e+00, 1.423284941645317492e+00, 9.591789437013535746e+01
1.964632020312486738e+00, 1.423284941645317492e+00, 9.496164460376546401e+01
1.981072455628909212e+00, 1.423284941645317492e+00, 9.402732929557656405e+01
1.997512890945331687e+00, 1.423284941645317492e+00, 9.311410886689331790e+01
2.013953326261753940e+00, 1.423284941645317492e+00, 9.222118956129376954e+01
2.030393761578176637e+00, 1.423284941645317492e+00, 9.134782020217932086e+01
2.046834196894598890e+00, 1.423284941645317492e+00, 9.049328923044946293e+01
2.063274632211021586e+00, 1.423284941645317492e+00, 8.965692199388094252e+01
2.079715067527444283e+00, 1.423284941645317492e+00, 8.883807826310058431e+01
2.096155502843866536e+00, 1.423284941645317492e+00, 8.803614995190284276e+01
2.112595938160289233e+00, 1.423284941645317492e+00, 8.725055902216215031e+01
2.129036373476711486e+00, 1.423284941645317492e+00, 8.648075555577133855e+01
2.145476808793134182e+00, 1.423284941645317492e+00, 8.572621597795054527e+01
2.161917244109556435e+00, 1.423284941645317492e+00, 8.498644141794981977e+01
2.178357679425979132e+00, 1.423284941645317492e+00, 8.426095619464575748e+01
2.194798114742401385e+00, 1.423284941645317492e+00, 8.354930641583378303e+01
2.211238550058824082e+00, 1.423284941645317492e+00, 8.285105868116788486e+01
2.227678985375246334e+00, 1.423284941645317492e+00, 8.216579887971661833e+01
2.244119420691669031e+00, 1.423284941645317492e+00, 8.149313107400534761e+01
2.260559856008091284e+00, 1.423284941645317492e+00, 8.083267646321607458e+01
2.277000291324513981e+00, 1.423284941645317492e+00, 8.018407241892670356e+01
2.293440726640936234e+00, 1.423284941645317492e+00, 7.954697158740745522e+01
2.309881161957358930e+00, 1.423284941645317492e+00, 7.892104105305675432e+01
2.326321597273781183e+00, 1.423284941645317492e+00, 7.830596155806546221e+01
2.342762032590203880e+00, 1.423284941645317492e+00, 7.770142677385037189e+01
2.359202467906626133e+00, 1.423284941645317492e+00, 7.710714262020441367e+01
2.375642903223048830e+00, 1.423284941645317492e+00, 7.652282662847412098e+01
2.392083338539471082e+00, 1.423284941645317492e+00, 7.594820734540391527e+01
2.408523773855893779e+00, 1.423284941645317492e+00, 7.538302377457932835e+01
2.424964209172316032e+00, 1.423284941645317492e+00, 7.482702485266922565e+01
2.441404644488738729e+00, 1.423284941645317492e+00, 7.427996895790495557e+01
2.457845079805160982e+00, 1.423284941645317492e+00, 7.374162344845206007e+01
2.474285515121583678e+00, 1.423284941645317492e+00, 7.321176422852566645e+01
2.490725950438005931e+00, 1.423284941645317492e+00, 7.269017534027872784e+01
2.507166385754428628e+00, 1.423284941645317492e+00, 7.217664857965237957e+01
2.523606821070851325e+00, 1.423284941645317492e+00, 7.167098313452528657e+01
2.540047256387273578e+00, 1.423284941645317492e+00, 7.117298524363012291e+01
2.556487691703696274e+00, 1.423284941645317492e+00, 7.068246787482772220e+01
2.572928127020118527e+00, 1.423284941645317492e+00, 7.019925042143879068e+01
2.589368562336541224e+00, 1.423284941645317492e+00, 6.972315841543341719e+01
2.605808997652963477e+00, 1.423284941645317492e+00, 6.925402325637098500e+01
2.622249432969386174e+00, 1.423284941645317492e+00, 6.879168195506659345e+01
2.638689868285808426e+00, 1.423284941645317492e+00, 6.833597689103628170e+01
2.655130303602231123e+00, 1.423284941645317492e+00, 6.788675558284408851e+01
2.671570738918653376e+00, 1.423284941645317492e+00, 6.744387047053865558e+01
2.688011174235076073e+00, 1.423284941645317492e+00, 6.700717870942446552e+01
2.704451609551498326e+00, 1.423284941645317492e+00, 6.657654197446925082e+01
2.720892044867921022e+00, 1.423284941645317492e+00, 6.615182627469688725e+01
2.737332480184343275e+00, 1.423284941645317492e+00, 6.573290177696165415e+01
2.753772915500765972e+00, 1.423284941645317492e+00, 6.531964263854266051e+01
2.770213350817188225e+00, 1.423284941645317492e+00, 6.491192684803409918e+01
2.786653786133610922e+00, 1.423284941645317492e+00, 6.450963607404476363e+01
2.803094221450033174e+00, 1.423284941645317492e+00, 6.411265552125247780e+01
2.819534656766455871e+00, 1.423284941645317492e+00, 6.372087379338868374e+01
2.835975092082878124e+00, 1.423284941645317492e+00, 6.333418276275869374e+01
2.852415527399300821e+00, 1.423284941645317492e+00, 6.295247744592700201e+01
2.868855962715723074e+00, 1.423284941645317492e+00, 6.257565588522258082e+01
2.885296398032145770e+00, 1.423284941645317492e+00, 6.220361903574104900e+01
2.901736833348568023e+00, 1.423284941645317492e+00, 6.183627065754095753e+01
2.918177268664990720e+00, 1.423284941645317492e+00, 6.147351721275119019e+01
2.934617703981412973e+00, 1.423284941645317492e+00, 6.111526776732391397e+01
2.951058139297835670e+00, 1.423284941645317492e+00, 6.076143389718448162e+01
2.967498574614257922e+00, 1.423284941645317492e+00, 6.041192959854418376e+01
2.983939009930680619e+00, 1.423284941645317492e+00, 6.006667120215771405e+01
3.000379445247103316e+00, 1.423284941645317492e+00, 5.972557729131851545e+01
3.016819880563525569e+00, 1.423284941645317492e+00, 5.938856862339908105e+01
3.033260315879948266e+00, 1.423284941645317492e+00, 5.905556805475448101e+01
3.049700751196370518e+00, 1.423284941645317492e+00, 5.872650046881756225e+01
3.066141186512793215e+00, 1.423284941645317492e+00, 5.840129270722530208e+01
3.082581621829215468e+00, 1.423284941645317492e+00, 5.807987350382412473e+01
3.099022057145638165e+00, 1.423284941645317492e+00, 5.776217342141203659e+01
3.115462492462060418e+00, 1.423284941645317492e+00, 5.744812479108193770e+01
3.131902927778483114e+00, 1.423284941645317492e+00, 5.713766165404014430e+01
3.148343363094905367e+00, 1.423284941645317492e+00, 5.683071970577928056e+01
3.164783798411328064e+00, 1.423284941645317492e+00, 5.652723624249323819e+01
3.181224233727750317e+00, 1.423284941645317492e+00, 5.622715010962667037e+01
3.197664669044173014e+00, 1.423284941645317492e+00, 5.593040165245851369e+01
3.214105104360595266e+00, 1.423284941645317492e+00, 5.563693266862377129e+01
3.230545539677017963e+00, 1.423284941645317492e+00, 5.534668636248355966e+01
3.246985974993440216e+00, 1.423284941645317492e+00, 5.505960730125782732e+01
3.263426410309862913e+00, 1.423284941645317492e+00, 5.477564137283989965e+01
3.279866845626285166e+00, 1.423284941645317492e+00, 5.449473574521634589e+01
