grid,velocity,spread_rate,lambda,T,density,X_H2,X_H,X_O,X_O2,X_OH,X_H2O,X_HO2,X_H2O2,X_AR,X_N2
0.0,2.239611194807592,-1.881830828669637e-18,-44.829520934034676,373.0,0.053580728779268935,0.16666666666526037,0.0,4.8001766738474474e-17,0.1041666666668626,2.9721917366108665e-17,2.599489436267359e-18,0.0,0.0,0.7291666666678769,0.0
0.00375,2.234357735310859,1.40092252918922,-44.829520934034676,373.0000000000011,0.05358072877956254,0.16666666666037713,0.0,4.648785099483327e-17,0.10416666666754301,4.066057313673078e-18,3.048499313119257e-17,0.0,0.0,0.7291666666720797,0.0
0.0075,2.2185973568029698,2.8018450583799064,-44.829520934034676,373.0000000000102,0.053580728780872694,0.16666666663857746,7.657048213840112e-18,4.526736484143484e-17,0.10416666667058042,7.065969188099986e-19,3.57580440969293e-17,1.2403358161746616e-16,0.0,0.729166666690842,0.0
0.01125,2.1923300591411596,4.202767587571035,-44.829520934034676,373.00000000008686,0.05358072878668414,0.1666666665417918,8.463378314634469e-17,4.638452840379086e-17,0.10416666668406492,2.7539892534882374e-19,4.1274490266386e-17,1.4793816246207365e-15,0.0,0.7291666667741415,0.0
0.015,2.155555841713209,5.603690116744707,-44.829520934034676,373.0000000007221,0.053580728812206296,0.1666666661160272,1.0225206522192404e-15,6.818666757496909e-17,0.10416666674337581,3.1988646298183403e-19,8.297322082336564e-17,1.5214322780982785e-14,0.0,0.7291666671405806,0.0
0.01875,2.108274701952378,7.004612645774976,-44.829520934034676,373.000000005814,0.05358072892268867,0.16666666426734353,1.2425462989550251e-14,2.7230273096066954e-16,0.10416666700083399,1.2618077969792002e-18,5.29940772166679e-16,1.4310878949799185e-13,0.0,0.729166668731666,0.0
0.020624999999999998,2.0806940322405336,7.705073910094686,-44.829520934034676,373.00000002099586,0.05358072911243578,0.16666666107693676,6.566242082107743e-14,9.65775837173088e-16,0.10416666744496304,4.509213629289064e-18,2.408655546303012e-15,5.370874337782783e-13,0.0,0.7291666714774941,0.0
0.0225,2.050486621230422,8.405535173808937,-44.829520934034676,373.00000008628,0.05358072960455693,0.1666666527404666,3.0820647342933517e-13,4.247603005750698e-15,0.10416666860458902,1.9956479120940703e-17,1.3560108957674301e-14,2.3956425968008515e-12,4.369983328197119e-17,0.7291666786522228,0.0
0.024375,2.017652451649658,9.105996435691742,-44.829520934034676,373.000000361773,0.0535807308636219,0.16666663115266037,1.4288926546564906e-12,1.9584041793361724e-14,0.10416667160348966,9.358949456549657e-17,7.907924972444158e-14,1.1025106911276311e-11,4.899108255114432e-16,0.7291666972312968,0.0
0.02625,1.9821914819380817,9.80645769227898,-44.829520934034676,373.0000014996161,0.05358073402990627,0.16666657579923289,6.600199044026306e-12,9.035431020520117e-14,0.10416667927491058,4.58188692475174e-16,4.593446733095424e-13,5.032293211072034e-11,3.490259183069202e-15,0.7291667448683796,1.977625946770839e-71
0.028124999999999997,1.9441036153329634,10.506918934338476,-44.829520934034676,373.0000060800156,0.05358074181762723,0.16666643538905618,3.039205288645337e-11,4.1252643680612867e-13,0.10416669865626646,2.5188483271459776e-15,2.635741536098001e-12,2.241674863395729e-10,2.3339501983025123e-14,0.7291668656970437,2.02487786227283e-70
0.03,1.9033886363629775,11.207380139180184,-44.829520934034676,373.0000239468321,0.053580760422378346,0.16666608336978958,1.394877768831627e-10,1.8577104832171573e-12,0.10416674693110042,1.7792713886218846e-14,1.4895513880452698e-11,9.592824089432276e-10,1.5214264949884122e-13,0.7291671685834167,8.384865347673242e-70
0.031875,1.8600460933909784,11.907841258210688,-44.829520934034676,373.0000909041751,0.05358080320025617,0.16666521194610862,6.37938043275849e-10,8.237029101166129e-12,0.10416686530187774,1.6682428069675833e-13,8.268786323124293e-11,3.8429788598793985e-09,9.669127206517564e-13,0.729167918179038,1.7943587515157043e-69
0.0328125,1.8373891526367219,12.258071788467253,-44.829520934034676,373.0001884398629,0.053580843693394574,0.16666430505459556,1.5509430158923007e-09,1.940827566900361e-11,0.10416698734047129,7.757355506254702e-13,2.285846254779926e-10,7.877759207220807e-09,2.9295969780883324e-12,0.7291686979245326,0.0
0.03375,1.8140748517793286,12.608302296248862,-44.829520934034676,373.00041388914093,0.053580904588694654,0.16666275235537137,3.6666861001989463e-09,4.88381176721297e-11,0.1041671934717124,3.710550320951387e-12,6.916172159888128e-10,1.737244933790911e-08,9.847068353032007e-12,0.7291700323797677,0.0
0.0346875,1.7901030922591163,12.958532836994278,-44.829520934034676,373.00092897645527,0.053580989366182406,0.16666010803690234,8.595153599728822e-09,1.2567776326640456e-10,0.10416753811762239,1.7991715318709545e-11,2.1419796862343853e-09,3.935406310637716e-08,3.3787001937623165e-11,0.7291723035768225,0.0
0.035625000000000004,1.765474125928342,13.30876359534858,-44.829520934034676,373.0020910849245,0.05358109110432102,0.1666556293323964,2.0070945125700322e-08,3.243686498168413e-10,0.10416810766888976,8.610794730878613e-11,6.611465441437341e-09,8.918728530720844e-08,1.1454021065198418e-10,0.7291761466040011,0.0
0.0365625,1.7401892133567174,13.65899505442472,-44.829520934034676,373.00467525076834,0.0535811717616636,0.16664808681767482,4.67314457439434e-08,8.323219610288134e-10,0.1041690370384593,3.9808526548845937e-10,2.0099115838132766e-08,1.986882304279254e-07,3.7716437483241374e-10,0.7291826090175023,0.0
0.0375,1.714252071231306,14.009228264490863,-44.829520934034676,373.0103233189549,0.0535811153936414,0.16663545956701994,1.0846416246240835e-07,2.11205020452485e-09,0.10417053594812244,1.739523878378059e-09,5.969579464720872e-08,4.2765415062874834e-07,1.1872204607467377e-09,0.7291934036319554,0.0
0.037968749999999996,1.701042337143849,14.18434662433841,-44.829520934034676,373.0155609394311,0.053580927005824015,0.1666260024921558,1.695606293522505e-07,3.456626214472565e-09,0.10417162541774426,3.873784135000902e-09,1.0668883078030941e-07,6.21022878222402e-07,2.155964770327366e-09,0.7292014653313863,0.0
0.0384375,1.6876765969615044,14.35946746205,-44.829520934034676,373.02388797265434,0.05358047883495204,0.166613432127006,2.6447299877876686e-07,5.774202225422059e-09,0.10417302179715669,8.621787422787886e-09,1.966508195768691e-07,9.131669653153128e-07,4.04739615403167e-09,0.7292121533416678,0.0
0.038906249999999996,1.6741609432012667,14.534592473654438,-44.829520934034676,373.0370851618992,0.05357957242120807,0.1665967583799289,4.1161539643010444e-07,9.732948807268076e-09,0.10417479648840423,1.901242635442986e-08,3.665867744521787e-07,1.3476821290881587e-06,7.670954363474895e-09,0.7292262828310375,0.0
0.03937499999999999,1.6605052081865483,14.70972435692679,-44.829520934034676,373.05792045357,0.05357788417152844,0.16657468989226348,6.391159458777294e-07,1.642253283412275e-08,0.1041770317375487,4.1266821311602604e-08,6.82625204524599e-07,1.981248058951832e-06,1.4439013780122915e-08,0.7292449032526106,0.0
0.03984375,1.64672495050855,14.884867276626833,-44.829520934034676,373.09065666605807,0.053574896777407885,0.1665455483461237,9.897251480286608e-07,2.7580719420977374e-08,0.10417982151629229,8.764728679968223e-08,1.259839371698242e-06,2.882043703904418e-06,2.6675925397108967e-08,0.7292693566254289,0.0
0.040312499999999994,1.632844292138255,15.060027399304003,-44.829520934034676,373.14177970336317,0.05356979997346451,0.1665071615086129,1.5281287858290353e-06,4.5901975752822963e-08,0.10418327462356766,1.8110139278250309e-07,2.292269146899884e-06,4.122275179931924e-06,4.7912996969497605e-08,0.7293013462783413,0.0
0.04078124999999999,1.6188997907600862,15.235213274457479,-44.829520934034676,373.22100233316587,0.053561353143171044,0.16645673145265885,2.3519680781263736e-06,7.541795729563191e-08,0.10418752392030768,3.617513287113683e-07,4.095173255346297e-06,5.7607097178305295e-06,8.292512454682332e-08,0.7293430166815716,0.0
0.04101562499999999,1.6119239653796937,15.322821249397268,-44.829520934034676,373.27649461570456,0.05355517934543728,0.16642565332224166,2.9263534466378225e-06,9.65368235262875e-08,0.1041900150758197,5.08666876626182e-07,5.46967910457878e-06,6.734245601612269e-06,1.0759295006721189e-07,0.7293684885271355,0.0
0.041249999999999995,1.6049634501693157,15.41044433327478,-44.829520934034676,373.3471003522964,0.05354710253917074,0.1663897904509266,3.6404165184464875e-06,1.236924378652062e-07,0.104192744398674,7.128240931281188e-07,7.334418375582579e-06,7.83058305780478e-06,1.3915159209381046e-07,0.7293976840643244,0.0
0.041484375,1.5980334642793357,15.498086865469107,-44.829520934034676,373.4367342637898,0.0535365981340798,0.1663484458223106,4.5271633509312304e-06,1.5838827533184958e-07,0.10419571387780274,9.928027626236698e-07,9.849446252198766e-06,9.045041799796853e-06,1.789291037885627e-07,0.7294310885283419,0.0
0.04171875,1.591152819472895,15.585754355647174,-44.829520934034676,373.5502305761626,0.053523014960251664,0.16630083029035783,5.627340540735693e-06,2.0242423728191313e-07,0.10419891722230396,1.3718889007096392e-06,1.3220541086435915e-05,1.0365523402131591e-05,2.282586397550058e-07,0.7294692365105312,0.0
0.041953124999999994,1.5843446075986312,15.673453792452493,-44.829520934034676,373.6935235591917,0.05350555059067431,0.16624605270471896,6.991305821858952e-06,2.5793209097262405e-07,0.10420233559952886,1.8786621862118647e-06,1.7710158622037578e-05,1.1771456293639252e-05,2.883790085801443e-07,0.7295127138017289,0.0
0.042187499999999996,1.577636975926331,15.76119404583591,-44.829520934034676,373.87385310663035,0.05348322360415595,0.16618310953903678,8.681350470339123e-06,3.274102936258282e-07,0.10420593147144303,2.5474888252993903e-06,2.3650556449391975e-05,1.3233418902227624e-05,3.603216974132175e-07,0.7295621584428819,0.0
0.042421875,1.571063996360065,15.848986404492345,-44.829520934034676,374.0999974655449,0.053454842745327046,0.16611087414104925,1.077455903369244e-05,4.137580710146671e-07,0.10420963984677563,3.4188990202917336e-06,3.1459615777456076e-05,1.471372967581461e-05,4.448033188599709e-07,0.7296182606472781,0.0
0.04265624999999999,1.5646666386545176,15.936845315041234,-44.829520934034676,374.38253622782287,0.053418972903308194,0.16602808577879338,1.336628586684564e-05,5.203097118103487e-07,0.10421335612399266,4.539884058340576e-06,4.1660151065606616e-05,1.6168174692149626e-05,5.421501897652273e-07,0.7296817611416293,0.0
0.042890624999999995,1.558493864553649,16.024789431321697,-44.829520934034676,374.7341483564087,0.05337389774173752,0.165933338737927,1.657430605883217e-05,6.508721841516512e-07,0.10421691954416493,5.964263742550391e-06,5.490386945721662e-05,1.754878721151095e-05,6.522860680384651e-07,0.7297534473331856,0.0
0.043125,1.5526038689700914,16.11284315123319,-44.829520934034676,375.16995229017675,0.053317578691038946,0.16582507184795517,2.0543649124013018e-05,8.097733207737461e-07,0.10422009107147885,7.753510627792982e-06,7.200159841919202e-05,1.8807165393448857e-05,7.748131875583782e-07,0.7298341465704933,0.0
0.04359375,1.5418749521398796,16.289349070835176,-44.829520934034676,376.34775177276487,0.053164126708337985,0.1655630632844938,3.128774032582951e-05,1.2269168360965102e-06,0.10422421762974059,1.2635237910660231e-05,0.0001207274613083247,2.0817097279475654e-05,1.055195085785243e-06,0.7300249694370193,0.0
0.0440625,1.532880487017924,16.466501377617035,-44.829520934034676,378.02559916748334,0.052944656853234434,0.16522977599077873,4.742233747618707e-05,1.7969171266841673e-06,0.104223931378555,1.9628005712312482e-05,0.00019355977796590783,2.2119454179894326e-05,1.3700679520185083e-06,0.7302603960702533,0.0
0.044531249999999994,1.5262220737016687,16.64452467926355,-44.829520934034676,380.36711771069236,0.0526387846738223,0.1648089491117365,7.15407921146918e-05,2.556710585632132e-06,0.10421576465356293,2.9341884589583033e-05,0.0002995268613826737,2.2772376284503483e-05,1.7174829377123972e-06,0.7305478301268059,0.0
0.045,1.522597686856551,16.823678232577755,-44.829520934034676,383.5657546667531,0.052223866819258495,0.16428197020622495,0.00010732708003325759,3.5450617173719526e-06,0.10419512524864448,4.242861651335598e-05,0.00044976549988641137,2.294313952379949e-05,2.102271194521954e-06,0.730894792876262,0.0
0.04546875,1.5227642132062047,17.004226208792705,-44.829520934034676,387.83659094359854,0.051677200636139446,0.16362813304559162,0.00015988379780101531,4.799348756218985e-06,0.10415661002446829,5.949146468055745e-05,0.0006571856734760998,2.2798601759841197e-05,2.532621991938507e-06,0.7313085654214744,0.0
0.045703125,1.5245574574336964,17.09514155346884,-44.829520934034676,390.45771908722526,0.051346383176204415,0.1632436980868447,0.00019518515596207294,5.540313764041725e-06,0.10412850286969129,6.969141934235279e-05,0.0007880091885255846,2.2648141774838482e-05,2.7666309168972483e-06,0.7315439581931782,0.0
0.0459375,1.5277705686887397,17.186622597585473,-44.829520934034676,393.4797700820028,0.05096935022787552,0.16281603298957145,0.00023779989552822107,6.368709103748914e-06,0.10409179487772002,8.109572470478473e-05,0.0009424181816677798,2.244087414047004e-05,3.0144475276417135e-06,0.7317990343000359,0.0
0.046171875,1.5325359712757136,17.278743534241293,-44.829520934034676,396.94198404952004,0.05054333409422208,0.16234176233488093,0.0002890091763512332,7.28707802343177e-06,0.10404499897472443,9.363406657973411e-05,0.0011236621389903469,2.217878712209135e-05,3.273827154564787e-06,0.7320741936161733,0.0
0.046406249999999996,1.5389791729419462,17.37158517841505,-44.829520934034676,400.88242103781994,0.050066271667703686,0.16181753493515444,0.0003502365231961411,8.296513359617025e-06,0.10398652804403927,0.00010717787290871563,0.0013351789128609548,2.1862315822210745e-05,3.5402583160270015e-06,0.7323696446243427,0.0
0.046640625,1.5472151593675496,17.465236665161402,-44.829520934034676,405.33697099272683,0.049536957912427335,0.1612400740672379,0.0004230405018808007,9.396560071118428e-06,0.10391470790729011,0.00012152879712647963,0.0015805642692338713,2.1491172274268366e-05,3.8066057579979727e-06,0.7326853901191275,0.0
0.046875,1.557344656328988,17.559798397938113,-44.829520934034676,410.3383229496536,0.04895517341418683,0.16060622886778916,0.0005091001596713789,1.0585341587933208e-05,0.10382778533618915,0.00013640804123681455,0.001863546109327549,2.106482095412827e-05,4.063014111377794e-06,0.7330212183091326,0.0
0.047343750000000004,1.5834766615804778,17.75184881453441,-44.829520934034676,422.05438592405847,0.04764243215042955,0.15917243604037112,0.0007243936172180972,1.3198953981911175e-05,0.10360517728670467,0.0001664019492590708,0.002547592985246347,2.0047848440156655e-05,4.50584166175153e-06,0.7337462454771168,0.0
0.0478125,1.616729198039338,17.947647331521505,-44.829520934034676,435.9152089363794,0.04617703029161803,0.15750020802547762,0.0010106011306124114,1.609801276127885e-05,0.10332086065536746,0.00019458735678103354,0.0033881081036463687,1.8869447594417644e-05,4.784826181213494e-06,0.734545882441578,0.0
0.04828125,1.6567861997461892,18.147367557269597,-44.829520934034676,451.8870482643123,0.044597123675712565,0.1555754286027577,0.0013813680513997692,1.9296514326713343e-05,0.10297365680808283,0.00021867051221511962,0.004390955843436774,1.757748723925539e-05,4.833321885261248e-06,0.7354182128586565,0.0
0.04875,1.7030219472574308,18.351005170721628,-44.829520934034676,469.84927769498614,0.04294665836031485,0.15338675826494605,0.001849628703753667,2.2885998900312755e-05,0.1025662122967754,0.00023704127978425418,0.0055548438748237484,1.623128823352684e-05,4.627361424907744e-06,0.7363617709313582,0.0
0.048984375000000004,1.7281615458364739,18.454258355881137,-44.829520934034676,479.5139300093238,0.04210963633795583,0.1521762442190106,0.0021280041030722497,2.4939941763525802e-05,0.10233954698489617,0.000244045617947022,0.006201867557047703,1.5557479379088715e-05,4.437596891762155e-06,0.736865356499992,0.0
0.049218750000000006,1.7546972425221683,18.55861941692039,-44.829520934034676,489.6528740181752,0.0412667338261987,0.15089054940817154,0.0024365113971122677,2.723681510972733e-05,0.10209629979238805,0.0002493653498953958,0.0068942688368786205,1.4888907472175352e-05,4.189334205388047e-06,0.7373866901587669,0.0
0.049453125,1.7825147118515399,18.664091794034643,-44.829520934034676,500.239636161429,0.040422837003575525,0.14952821454605564,0.0027765226554355366,2.9869734547516204e-05,0.10183666290844931,0.00025303761713520964,0.007632217031646344,1.4231104066476607e-05,3.8922790273414375e-06,0.7379253521236365,0.0
0.0496875,1.8114981613470145,18.770675675656666,-44.829520934034676,511.2467627638778,0.039582341328362,0.14808772829452263,0.003149313039266552,3.29702673714099e-05,0.10156069340880972,0.00025516508717038827,0.008416138050637229,1.3589180779022335e-05,3.5581818669587555e-06,0.7384808444895762,0.0
0.049921875000000004,1.8415333545019024,18.878369115339922,-44.829520934034676,522.6466339766354,0.03874909505434524,0.14656748315158782,0.0035560670167996394,3.6719741192047115e-05,0.1012682143095205,0.0002559027085997007,0.009246894199138031,1.2967309902899187e-05,3.1999601477318935e-06,0.7390525516031115,0.0
0.05015625,1.8725100768246936,18.987169298466256,-44.829520934034676,534.4121351846513,0.03792637761132881,0.14496574038008397,0.003997885122984994,4.1362531102016906e-05,0.10095870618755831,0.00025544419651609166,0.010125966295107019,1.23686917089733e-05,2.8307876523229374e-06,0.7396396958072863,0.0
0.050390625,1.9043240322176243,19.097073997150652,-44.829520934034676,546.5171763068171,0.037116906339983845,0.1432806059880751,0.004475789816811356,4.722108316697628e-05,0.10063119012656141,0.0002540099492060662,0.01105563304900947,1.1795622286422597e-05,2.463239115114545e-06,0.7402412911257681,0.0
0.050625,1.9368781891693825,19.20808327995619,-44.829520934034676,558.9370589447817,0.03632286468483958,0.1415100192298892,0.004990729263308402,5.47122271154653e-05,0.10028410265651327,0.00025183728975311466,0.012039143345000931,1.1249596320080461e-05,2.108566091924068e-06,0.7408560978260076,0.0
0.050859375,1.9700836215949988,19.32020157580164,-44.829520934034676,571.6486993339557,0.035545945244650316,0.13965175470839167,0.005543578104053386,6.436420993835775e-05,0.09991516354030883,0.00024917315175227095,0.013080877631261397,1.0731415183307869e-05,1.7761649317430188e-06,0.7414825810741791,0.0
0.05109375,2.003859908039286,19.433440229666484,-44.829520934034676,584.6307215018782,0.03478740181078505,0.13770343887875228,0.006135134492495901,7.683391291647581e-05,0.0995212376203351,0.00024626840610786425,0.014186495198675675,1.0241126668132564e-05,1.4732806648237363e-06,0.7421188770833838,0.0
0.0515625,2.0729157666733857,19.663281652143723,-44.829520934034676,611.339196778275,0.03332745264357457,0.13357889046791863,0.00742062626780102,0.00011214277711149902,0.09865697390889286,0.00024055682359211416,0.016580455544608484,9.34215482104656e-06,9.763870844080393e-07,0.74340003566817,0.0
0.05203125,2.1432349011496443,19.897006741607022,-44.829520934034676,638.8416467017248,0.031951613736187996,0.12908938150773205,0.008861087101742248,0.00016728875244587495,0.09766177175745851,0.0002373647756858342,0.019275061228328744,8.549156023341764e-06,6.137549712213341e-07,0.7446988819656123,0.0
0.0525,2.214460747720362,20.13452945114488,-44.829520934034676,667.0283609296528,0.030658683598708658,0.124218350155575,0.010458368035732812,0.000250366312117324,0.09649167852463846,0.00023928847685914507,0.022337656185206032,7.852626767276795e-06,3.6966345841598914e-07,0.7459960700196456,0.0
0.0534375,2.358803153851508,20.62060760144085,-44.829520934034676,725.1227840331621,0.028305262374261515,0.11354591937644039,0.014033220182339316,0.0005205650206374674,0.09353734273358749,0.00026723686143380066,0.029615072296785828,6.697388537832074e-06,1.495525332131436e-07,0.7484737965877046,0.0
0.053906249999999996,2.430793883407458,20.867496953718973,-44.829520934034676,754.7020163016545,0.027244781163345715,0.107571379472795,0.016055768419728365,0.0007231991377846704,0.09164501959250816,0.000300514561687189,0.03402589238698965,6.222010808601973e-06,9.93720977597168e-08,0.7496719050456006,0.0
0.05437499999999999,2.5026174727663464,21.117287485509173,-44.829520934034676,784.5602988837362,0.026252546641534345,0.10124880137892871,0.018196221506823314,0.0009780980369497958,0.0894028410773398,0.0003504357887716239,0.03902272637190416,5.7981115758844606e-06,7.684382200517172e-08,0.7507950008838847,0.0
0.05484375,2.5738761457127577,21.369779454289866,-44.829520934034676,814.5405001384443,0.025326207106598338,0.09463143571858432,0.020427094256488545,0.001286051029522894,0.0867862134605879,0.000419335855827231,0.044613756291336536,5.41504040492335e-06,6.965225684152769e-08,0.7518306286949908,0.0
0.055312499999999994,2.6440660337626367,21.62476432019782,-44.829520934034676,844.4506263811035,0.02446415528464048,0.08779694334969947,0.022712225762111397,0.0016446947730406386,0.08379474031164612,0.0005087761894100959,0.050764889465271294,5.063487434631189e-06,7.093017338749955e-08,0.7527725957312129,0.0
0.05578124999999999,2.712582401018847,21.882028413789197,-44.829520934034676,874.0674827792654,0.023665315604221252,0.08084591493503118,0.025007901465470585,0.002048450410712045,0.08045703062087718,0.0006190696444227709,0.05739556254694329,4.735713122186345e-06,7.70394981705997e-08,0.7536212576239226,0.0
0.056249999999999994,2.778747312742726,22.141358189554946,-44.829520934034676,903.1470007901039,0.02292882326322934,0.0738968059796536,0.027265300528223155,0.002488813291278162,0.0768314914719878,0.0007489917788413278,0.06438134362501277,4.426023346762017e-06,8.59976407227906e-08,0.7543827413040156,0.0
0.05671875,2.841856369883744,22.40254635812386,-44.829520934034676,931.4400146540573,0.02225367330856771,0.06707755786867718,0.029434070296869598,0.0029549880220007766,0.07300243630067609,0.0008957451100559923,0.07156365375192587,4.1310143793174354e-06,9.657080349446824e-08,0.7550673210646116,0.0
0.057187499999999995,2.9012356647024475,22.66539806460883,-44.829520934034676,958.7106714428776,0.021638420730111917,0.0605150665989319,0.031466491349382876,0.0034348122373080194,0.0690719825626018,0.0010552251750068629,0.07876507911398772,3.849481845166087e-06,1.078500419083442e-07,0.7556873856308938,0.0
0.05765624999999999,2.9562971466527213,22.92973641872302,-44.829520934034676,984.7538584768549,0.021080992406818582,0.05432432176072239,0.033321492116389226,0.0039158402916071675,0.06514935022029013,0.0012225517992874612,0.08580724284679007,3.581997824051154e-06,1.1910777477452854e-07,0.7562554998593147,0.0
0.058124999999999996,3.0065811368674202,23.19540703879703,-44.829520934034676,1009.4082877883595,0.020578637872208407,0.0485991894317255,0.03496778567988548,0.004386405142287096,0.06133983997015691,0.0013927382222810583,0.09252763197701115,3.330268330575279e-06,1.2978284204526436e-07,0.7567829495254802,0.0
0.05859375,3.0517812851917006,23.462281664257674,-44.829520934034676,1032.564001786967,0.020127992163543926,0.043406376763133664,0.036385630765655194,0.004836474654002524,0.05773570632829694,0.0015613309552231977,0.09879231683762663,3.096436319872693e-06,1.395003417363085e-07,0.7572789277594003,0.0
0.0590625,3.0917447531379736,23.730261379799256,-44.829520934034676,1054.1620716598218,0.01972525332768458,0.03878325924207789,0.037567077157135254,0.005258152473447321,0.054410446513486484,0.0017248806722293245,0.10450285999536328,2.8825000129073463e-06,1.4808078059221474e-07,0.757750293365467,0.0
0.06,3.1561166536090806,24.26970664264268,-44.829520934034676,1092.6801727092068,0.0190465883673477,0.0313320304098154,0.0392196922561867,0.005993313723877448,0.048800365945844824,0.002027820836500484,0.1140063915315518,2.519655619211879e-06,1.6173295777318897e-07,0.7586177039076464,0.0
0.06125,3.214615357447419,24.994642680733723,-44.829520934034676,1135.85356645654,0.018341968220779194,0.02457230380126315,0.040191657719611244,0.006746345761245433,0.043344215555943165,0.002381326293257649,0.1231140318269503,2.1573187300062135e-06,1.7453558281413113e-07,0.7596477871874163,0.0
0.0625,3.2489009002921962,25.724750828189993,-44.829520934034676,1171.8742265949998,0.017795884780564476,0.02045156541970752,0.04018469542216708,0.007271837518550403,0.039709398192174776,0.0026900213539733284,0.12912145782546064,1.9026312519848551e-06,1.83702457541242e-07,0.7605689379342567,0.0
0.065,3.262616251226863,27.20260258182709,-44.829520934034676,1227.9067014086916,0.017015610575797285,0.017298813694899086,0.03846696826065337,0.007784725548749424,0.0362506353060294,0.0032033845732990043,0.1348591269891403,1.6110515028336356e-06,1.9603577337066998e-07,0.7621345385399533,0.0
0.0675,3.2354013146768343,28.697817060554584,-44.829520934034676,1273.3435572573649,0.016436600618402127,0.01649138753958935,0.036157043205626495,0.007958713286324083,0.034642107019386296,0.003646861272416878,0.13760292917428968,1.4384721448892133e-06,2.0110656883324375e-07,0.7634993189236534,0.0
0.07,3.179585036625542,30.21016852671323,-44.829520934034676,1312.2485251363996,0.01597480752575908,0.01638208257074838,0.03385789996954091,0.007977248696599413,0.03372949304981967,0.004037587922723417,0.13927088694859288,1.3194000525351143e-06,1.9926457649270112e-07,0.7647432821773462,0.0
0.07250000000000001,3.101412325175092,31.740097744709793,-44.829520934034676,1346.7038841924834,0.01558958078490838,0.016413759691846976,0.03172594160637794,0.007921381658896744,0.03307569692083272,0.004386061422687201,0.1405679937248368,1.2276334331907638e-06,1.9208032526515898e-07,0.7659077452607633,0.0
0.07500000000000001,3.0043560920563457,33.289051603775924,-44.829520934034676,1377.8833992722812,0.01525877890181191,0.01642974990637599,0.02976838747724047,0.007823277814701948,0.03253303712205078,0.004699575953846689,0.14172691372248905,1.1523303268243647e-06,1.8146149545783595e-07,0.7670177242114727,0.0
0.08,2.7605058018614845,36.45719162142518,-44.829520934034676,1432.6849420148217,0.014714956964080806,0.01631450808730161,0.026315210005449348,0.007554242710562724,0.031627469266988124,0.005236808408630496,0.14384635555799483,1.0336237259393664e-06,1.56100211122102e-07,0.7691042162391358,0.0
0.08499999999999999,2.4634234665865673,39.71700666605505,-44.829520934034676,1483.126911897125,0.014251793018329274,0.016025243976904597,0.02319639148880685,0.007215081970131007,0.0308215394563966,0.005705056823142668,0.14591732347561132,9.364237109124788e-07,1.2955883234993928e-07,0.7711182968264637,0.0
0.09,2.1195210330492826,43.0951490395141,-44.829520934034676,1533.0100166298157,0.013823577389422505,0.015593637028054708,0.020272073536065412,0.006818905047048938,0.030044267231617693,0.006136332883712002,0.14804370780661227,8.492134528099019e-07,1.042671832913352e-07,0.773090122986253,0.0
0.095,1.7328658899093428,46.61871338597214,-44.829520934034676,1586.8461659605289,0.013388230055957587,0.015050218698875958,0.01745887446644554,0.006370651829853504,0.029213431853904688,0.006570343356619264,0.1503208491204154,7.628739550845538e-07,8.066734836413902e-08,0.7750147871325823,0.0
0.1,1.3041411171415866,50.264781995974985,-44.829520934034676,1649.7439440992655,0.012908870751790405,0.014418308856497019,0.014725377523673722,0.005868789571774549,0.028229896085896506,0.007046849552556891,0.15283677590960232,6.704910064078541e-07,5.911167886119618e-08,0.7768732728973138,0.0
0.10500000000000001,0.8293480985056814,53.830210526850045,-44.829520934034676,1725.2209222451368,0.012372045373103815,0.013694474909645397,0.012094886952218031,0.005304685291181322,0.027008667464080895,0.007571811596018736,0.15566341698345476,5.711267170209518e-07,4.0871267545351924e-08,0.7786614448054163,0.0
0.11,0.3029824919404302,56.75680657196817,-44.829520934034676,1810.8708785611352,0.011811824666059722,0.012829700838082032,0.009641057491026145,0.004671291142076744,0.02555465191016285,0.0080663471425275,0.15883667168655244,4.752766196228559e-07,2.747832158395998e-08,0.780399777034631,0.0
0.11249999999999999,0.020591867764457077,57.63957795966365,-44.829520934034676,1853.2739078028112,0.011553604095905851,0.012307581851734334,0.008505751842361122,0.0043289851939043505,0.02479678165975156,0.008237690249110313,0.16055574195720299,4.3558709215539956e-07,2.2827629761594334e-08,0.7812670088312134,0.0
0.11499999999999999,-0.2711026932263449,58.02230326895335,-44.829520934034676,1893.3429680502556,0.011320798002725663,0.011724229544532179,0.007451914620702351,0.0039805113920175885,0.024060660583778832,0.008336723286486755,0.16232128507989457,4.040420887815811e-07,1.9328885845749868e-08,0.7821242521216132,0.0
0.11624999999999999,-0.41933372906117233,58.020911084553276,-44.829520934034676,1911.8432265669785,0.011217091029141812,0.011407801547097297,0.006956718127387093,0.0038060219167960693,0.023714272191876936,0.00835325659297201,0.1632110214047547,3.9170156484367256e-07,1.7958496311300255e-08,0.7825504985590548,0.0
0.1175,-0.5684247845201853,57.89535045326938,-44.829520934034676,1929.1587982230815,0.011122214858506358,0.011077180736785491,0.006484767146721143,0.0036333814052010006,0.0233877167623313,0.008348013631825501,0.16409513753414612,3.816135220274765e-07,1.6802212068889542e-08,0.7829734043672554,0.0
0.12,-0.867066399739075,57.306785025536385,-44.829520934034676,1959.9768490013373,0.010958773277778125,0.010381428586462377,0.005613614654271222,0.0032985195605058993,0.022804688602306725,0.008276174975612186,0.16581941444919004,3.676548997969456e-07,1.502628064499621e-08,0.783805776490471,0.0
0.1225,-1.1631425615362185,56.34125616250408,-44.829520934034676,1985.2571700342062,0.010830606333766845,0.009649005911848953,0.004835620677826126,0.0029815051179157602,0.022331286593195512,0.008127064218458779,0.16745031617877987,3.6059507170610726e-07,1.3819452403330714e-08,0.784624826887451,0.0
0.125,-1.4533654978589539,55.08170566487094,-44.829520934034676,2005.1270077816773,0.010734574957470697,0.008898422694856828,0.00414832933014256,0.0026869275440349013,0.021974579758498206,0.007914483556653347,0.1689474126663688,3.584295622154841e-07,1.3025086724777663e-08,0.7854294729947964,0.0
0.1275,-1.7353140878535855,53.60636922499656,-44.829520934034676,2020.123896766734,0.01066600712899057,0.008149653932804573,0.0035472625261990915,0.0024172211673551885,0.021730988594244723,0.0076548307233948835,0.1702826487339802,3.592878453462453e-07,1.2518631582309212e-08,0.7862170225155445,0.0
0.13,-2.0074483795881313,51.98113551428531,-44.829520934034676,2031.0187597511258,0.010619618956838045,0.007421724898107824,0.003026683001758823,0.0021731171741408793,0.021588693128949062,0.007364464168981125,0.17144233384087423,3.617502647298388e-07,1.2206689849991552e-08,0.7869826098302335,0.0
0.1325,-2.268978513616773,50.25691860110954,-44.829520934034676,2038.657449671781,0.010590212737184412,0.006730988590899351,0.002580131031529429,0.001954239362389025,0.02153068933390085,0.007058131819880503,0.17242612323278664,3.6491738838245694e-07,1.2023694726504807e-08,0.7877193196875311,0.0
0.135,-2.519663779189922,48.47037993853594,-44.829520934034676,2043.8430125202988,0.010573138416676849,0.006090249553409719,0.002200713294765929,0.0017596668946280574,0.021537833926193434,0.006748350914349197,0.17324388714188568,3.6832135467221916e-07,1.1926733282071662e-08,0.7884189180266801,0.0
0.13999999999999999,-2.9893444361471575,44.8044524051039,-44.829520934034676,2049.6632400128383,0.010560496119249996,0.004979133419713424,0.0016119514542839556,0.0014355550359892485,0.021666925316242473,0.006152252614154739,0.17447581133261936,3.7540894064357025e-07,1.18983682118395e-08,0.7896779835196881,0.0
0.14375,-3.3150876991505247,42.02095571812563,-44.829520934034676,2051.8600272165872,0.0105600011825513,0.004306958631420402,0.0012930136220862018,0.0012440240501579245,0.0218076684613004,0.005750106613389159,0.17512346708491652,3.810589548480005e-07,1.1979788409984797e-08,0.790474368497986,0.0
0.14749999999999996,-3.618849330335162,39.22520084309009,-44.829520934034676,2053.042509625378,0.010562773548914462,0.0037691243529931746,0.0010577074464917767,0.001092433903550944,0.021954515191559262,0.005401771511628969,0.17558784953156076,3.8679712228286076e-07,1.2119606075957306e-08,0.7911361991454867,0.0
0.15124999999999997,-3.9012356253377622,36.42485835425531,-44.829520934034676,2053.6952991541716,0.01056642507202493,0.0033519145515523594,0.0008873655907675328,0.0009754855614481316,0.022088803670380887,0.0051125942195256475,0.17591628842715956,3.923951674158721e-07,1.2293638084445849e-08,0.7916671432903605,0.0
0.15499999999999997,-4.16260446667997,33.623052119659256,-44.829520934034676,2054.073594789034,0.010569856423564346,0.00303719340403033,0.0007660968295889533,0.0008875514232276672,0.02220169260628248,0.004881924539277793,0.1761458053518095,3.975500917098476e-07,1.2477619964490346e-08,0.7920793258180717,0.0
0.15874999999999997,-4.403126448865241,30.820919798599757,-44.829520934034676,2054.3055154375807,0.010572673982940616,0.002805659628919465,0.0006809925641234125,0.0008230285989871539,0.02229104187836393,0.00470459523511958,0.17630437481598196,4.0200633486643056e-07,1.2650959302726864e-08,0.7923898926212102,0.0
0.16249999999999998,-4.62285660115123,28.018808940392855,-44.829520934034676,2054.4546400991426,0.010574824260747562,0.0026390656216243643,0.0006219953863073824,0.0007767232646633755,0.022358602114464516,0.0045727092655822405,0.1764127485724526,4.056346390344321e-07,1.2800285188995099e-08,0.7926177373399812,0.0
0.16624999999999998,-4.82178936352582,25.216787549943646,-44.829520934034676,2054.5535559726586,0.010576391784150504,0.0025215013940166784,0.0005815292137193889,0.0007441339001451325,0.022407902924565574,0.00447739485294127,0.17648608875990235,4.08438675311824e-07,1.2920140808303369e-08,0.7927810275958934,0.0
0.16999999999999998,-4.999893227261124,22.41484222584612,-44.829520934034676,2054.6201932068734,0.010577499260875539,0.002439915014030598,0.0005540337992092639,0.0007215789822879618,0.02244288816643988,0.0044101542732410855,0.17653529463491727,4.1051445480976895e-07,1.3011167284014012e-08,0.7928957116042518,0.0
0.17375,-5.1571298146345,19.61294616944684,-44.829520934034676,2054.665294374532,0.010578264172585866,0.0023840992862093646,0.0005355091484710752,0.0007061885424915914,0.022467174390022004,0.00436365142941732,0.17656806813328155,4.1199945738988146e-07,1.3077420639867368e-08,0.7929748839932291,0.0
0.1775,-5.293463086027968,16.81107796809451,-44.829520934034676,2054.6957693934096,0.010578783576326325,0.0023463714243526536,0.0005231231684283285,0.0006958103404075662,0.022483744503465884,0.004332002270576375,0.17658976425720171,4.1303403080750435e-07,1.3124115010128326e-08,0.7930287578774217,0.0
0.18125,-5.408862940347659,14.009224005290884,-44.829520934034676,2054.7162638807504,0.010579131726689377,0.0023211249332490145,0.0005148974733915533,0.0006888797492696934,0.02249489891020654,0.00431073470659882,0.17660405419943237,4.137404326046155e-07,1.3156243447343213e-08,0.7930649831311759,0.0
0.185,-5.503305915338481,11.207376608030716,-44.829520934034676,2054.7299678954305,0.010579362780722069,0.002304370998033648,0.0005094664391280145,0.0006842870162136111,0.02250233268602094,0.004296582133032842,0.17661342537571365,4.142156844184537e-07,1.3177966792210352e-08,0.7930891079582061,0.0
0.18875,-5.576774568156525,8.405531831627092,-44.829520934034676,2054.7390917639705,0.010579514936914404,0.0022933329174523835,0.0005058974213317317,0.0006812592649523511,0.02250725903600425,0.0042872241318240535,0.17661954542309605,4.145325059386366e-07,1.3192489571184494e-08,0.7931050540803437,0.0
0.1925,-5.629256422422667,5.603687833810322,-44.829520934034676,2054.745194770769,0.010579614388125505,0.002286121159933976,0.0005035595213221726,0.0006792614909381011,0.02251054338393221,0.00428102955129361,0.1766235180018767,4.1474426322254396e-07,1.3202192666813608e-08,0.7931155389442474,0.0
0.19625,-5.6607431501573835,2.8018438818067346,-44.829520934034676,2054.749554450933,0.010579678080730869,0.0022814900069375982,0.0005020417264956547,0.0006779009719569924,0.022512861598221787,0.0042767760872140575,0.1766260730492827,4.148940815708926e-07,1.3208975170894282e-08,0.7931224284568344,0.0
0.2,-5.671233705419666,0.0,-44.829520934034676,2054.75528980151,0.01057970859897054,0.002278413127490905,0.0005013796055097876,0.0006766038819998061,0.022515139181064722,0.004272732756871393,0.17662815779308702,4.150494060743995e-07,1.3216330115749234e-08,0.7931271453882401,0.0
